,Date,Price
0,2014-09-17,465.864014
1,2014-09-18,456.859985
2,2014-09-19,424.102997
3,2014-09-20,394.673004
4,2014-09-21,408.084991
5,2014-09-22,399.100006
6,2014-09-23,402.09201
7,2014-09-24,435.751007
8,2014-09-25,423.156006
9,2014-09-26,411.428986
10,2014-09-27,403.556
11,2014-09-28,399.471008
12,2014-09-29,376.928009
13,2014-09-30,376.088013
14,2014-10-01,387.427002
15,2014-10-02,383.988007
16,2014-10-03,375.181
17,2014-10-04,359.891998
18,2014-10-05,328.915985
19,2014-10-06,320.389008
20,2014-10-07,330.584015
21,2014-10-08,336.115997
22,2014-10-09,352.747986
23,2014-10-10,364.687012
24,2014-10-11,361.362
25,2014-10-12,362.605988
26,2014-10-13,377.92099
27,2014-10-14,391.691986
28,2014-10-15,400.954987
29,2014-10-16,394.518005
30,2014-10-17,382.756012
31,2014-10-18,383.976013
32,2014-10-19,391.253998
33,2014-10-20,389.230988
34,2014-10-21,382.42099
35,2014-10-22,386.118011
36,2014-10-23,382.962006
37,2014-10-24,358.591003
38,2014-10-25,358.610992
39,2014-10-26,347.487
40,2014-10-27,354.777008
41,2014-10-28,353.214996
42,2014-10-29,357.088989
43,2014-10-30,335.709015
44,2014-10-31,345.009003
45,2014-11-01,338.649994
46,2014-11-02,326.075012
47,2014-11-03,325.569
48,2014-11-04,327.161011
49,2014-11-05,330.683014
50,2014-11-06,339.458008
51,2014-11-07,349.817993
52,2014-11-08,342.153992
53,2014-11-09,345.376007
54,2014-11-10,362.265015
55,2014-11-11,365.856995
56,2014-11-12,367.984985
57,2014-11-13,427.27301
58,2014-11-14,418.416992
59,2014-11-15,399.649994
60,2014-11-16,374.730011
61,2014-11-17,388.348999
62,2014-11-18,387.785004
63,2014-11-19,373.895996
64,2014-11-20,380.307007
65,2014-11-21,357.878998
66,2014-11-22,351.604004
67,2014-11-23,353.174988
68,2014-11-24,366.947998
69,2014-11-25,376.885986
70,2014-11-26,376.019012
71,2014-11-27,370.502014
72,2014-11-28,369.373993
73,2014-11-29,376.152008
74,2014-11-30,375.51001
75,2014-12-01,378.248993
76,2014-12-02,379.25
77,2014-12-03,381.721985
78,2014-12-04,375.717987
79,2014-12-05,369.441986
80,2014-12-06,376.756989
81,2014-12-07,374.835999
82,2014-12-08,374.964996
83,2014-12-09,361.894989
84,2014-12-10,352.204987
85,2014-12-11,344.339996
86,2014-12-12,350.833008
87,2014-12-13,352.381012
88,2014-12-14,346.72699
89,2014-12-15,351.360992
90,2014-12-16,345.673004
91,2014-12-17,326.855011
92,2014-12-18,319.785004
93,2014-12-19,311.178986
94,2014-12-20,317.618988
95,2014-12-21,329.542999
96,2014-12-22,321.067993
97,2014-12-23,332.016998
98,2014-12-24,334.38501
99,2014-12-25,322.286011
100,2014-12-26,319.152008
101,2014-12-27,327.583008
102,2014-12-28,316.160004
103,2014-12-29,317.700989
104,2014-12-30,312.718994
105,2014-12-31,310.914001
106,2015-01-01,320.434998
107,2015-01-02,314.07901
108,2015-01-03,314.846008
109,2015-01-04,281.145996
110,2015-01-05,265.084015
111,2015-01-06,274.610992
112,2015-01-07,286.076996
113,2015-01-08,294.13501
114,2015-01-09,282.382996
115,2015-01-10,287.303009
116,2015-01-11,274.608002
117,2015-01-12,266.145996
118,2015-01-13,267.394012
119,2015-01-14,223.893997
120,2015-01-15,176.897003
121,2015-01-16,209.070007
122,2015-01-17,207.834
123,2015-01-18,200.050003
124,2015-01-19,211.470993
125,2015-01-20,212.906998
126,2015-01-21,211.378006
127,2015-01-22,227.322006
128,2015-01-23,233.516998
129,2015-01-24,232.699997
130,2015-01-25,247.352005
131,2015-01-26,254.078995
132,2015-01-27,273.166992
133,2015-01-28,263.351013
134,2015-01-29,233.348007
135,2015-01-30,232.772003
136,2015-01-31,226.440994
137,2015-02-01,216.867004
138,2015-02-02,226.490997
139,2015-02-03,237.453995
140,2015-02-04,227.511002
141,2015-02-05,227.664993
142,2015-02-06,216.923004
143,2015-02-07,222.632996
144,2015-02-08,227.692993
145,2015-02-09,223.389008
146,2015-02-10,220.281998
147,2015-02-11,219.731995
148,2015-02-12,219.207993
149,2015-02-13,221.968994
150,2015-02-14,235.528
151,2015-02-15,257.506989
152,2015-02-16,234.824997
153,2015-02-17,233.421997
154,2015-02-18,243.779999
155,2015-02-19,236.410004
156,2015-02-20,240.251007
157,2015-02-21,243.751999
158,2015-02-22,244.544006
159,2015-02-23,235.994995
160,2015-02-24,238.998001
161,2015-02-25,238.889999
162,2015-02-26,237.337006
163,2015-02-27,236.436005
164,2015-02-28,253.520004
165,2015-03-01,254.283005
166,2015-03-02,260.356995
167,2015-03-03,275.04599
168,2015-03-04,281.98999
169,2015-03-05,272.739014
170,2015-03-06,275.600006
171,2015-03-07,272.294006
172,2015-03-08,276.433014
173,2015-03-09,274.812012
174,2015-03-10,289.862
175,2015-03-11,291.524994
176,2015-03-12,296.127014
177,2015-03-13,294.118011
178,2015-03-14,284.441986
179,2015-03-15,281.424988
180,2015-03-16,285.684998
181,2015-03-17,290.595001
182,2015-03-18,285.066986
183,2015-03-19,255.880005
184,2015-03-20,260.955994
185,2015-03-21,261.644012
186,2015-03-22,259.916992
187,2015-03-23,267.894989
188,2015-03-24,266.576996
189,2015-03-25,247.472
190,2015-03-26,246.276001
191,2015-03-27,248.565994
192,2015-03-28,246.975006
193,2015-03-29,252.740005
194,2015-03-30,242.878998
195,2015-03-31,247.453995
196,2015-04-01,244.223007
197,2015-04-02,247.089005
198,2015-04-03,253.074005
199,2015-04-04,254.291
200,2015-04-05,253.761002
201,2015-04-06,260.721008
202,2015-04-07,255.274002
203,2015-04-08,253.063995
204,2015-04-09,244.751007
205,2015-04-10,243.694
206,2015-04-11,236.016006
207,2015-04-12,236.535004
208,2015-04-13,235.949997
209,2015-04-14,224.759003
210,2015-04-15,219.072998
211,2015-04-16,223.917007
212,2015-04-17,228.574997
213,2015-04-18,222.852997
214,2015-04-19,223.455994
215,2015-04-20,222.612
216,2015-04-21,224.619995
217,2015-04-22,235.602005
218,2015-04-23,234.052994
219,2015-04-24,235.970001
220,2015-04-25,231.235001
221,2015-04-26,226.410004
222,2015-04-27,219.429001
223,2015-04-28,228.968994
224,2015-04-29,225.591003
225,2015-04-30,225.692993
226,2015-05-01,235.938995
227,2015-05-02,232.341003
228,2015-05-03,234.880005
229,2015-05-04,240.356003
230,2015-05-05,238.852005
231,2015-05-06,236.248993
232,2015-05-07,229.662003
233,2015-05-08,237.203995
234,2015-05-09,243.768997
235,2015-05-10,241.729004
236,2015-05-11,240.298996
237,2015-05-12,242.145004
238,2015-05-13,241.397995
239,2015-05-14,236.214005
240,2015-05-15,236.955002
241,2015-05-16,237.643997
242,2015-05-17,236.009995
243,2015-05-18,236.886993
244,2015-05-19,233.037003
245,2015-05-20,231.889999
246,2015-05-21,234.016006
247,2015-05-22,235.320999
248,2015-05-23,240.285995
249,2015-05-24,238.975998
250,2015-05-25,240.927002
251,2015-05-26,237.104004
252,2015-05-27,237.065002
253,2015-05-28,237.257004
254,2015-05-29,237.376999
255,2015-05-30,237.091995
256,2015-05-31,233.134995
257,2015-06-01,230.233002
258,2015-06-02,222.893997
259,2015-06-03,225.735992
260,2015-06-04,225.772003
261,2015-06-05,224.154007
262,2015-06-06,225.005005
263,2015-06-07,225.595993
264,2015-06-08,222.878998
265,2015-06-09,228.537994
266,2015-06-10,228.994995
267,2015-06-11,228.854996
268,2015-06-12,229.705002
269,2015-06-13,229.919998
270,2015-06-14,232.442001
271,2015-06-15,233.421997
272,2015-06-16,236.764999
273,2015-06-17,250.822998
274,2015-06-18,249.427994
275,2015-06-19,249.042999
276,2015-06-20,244.529999
277,2015-06-21,245.100006
278,2015-06-22,243.968994
279,2015-06-23,246.927002
280,2015-06-24,244.281998
281,2015-06-25,240.365005
282,2015-06-26,242.604004
283,2015-06-27,243.548996
284,2015-06-28,250.955002
285,2015-06-29,248.720993
286,2015-06-30,257.036011
287,2015-07-01,263.345001
288,2015-07-02,258.552002
289,2015-07-03,255.459
290,2015-07-04,256.490997
291,2015-07-05,260.804993
292,2015-07-06,271.108002
293,2015-07-07,269.963013
294,2015-07-08,265.981995
295,2015-07-09,270.826996
296,2015-07-10,269.156006
297,2015-07-11,284.880005
298,2015-07-12,293.140015
299,2015-07-13,310.826996
300,2015-07-14,292.033997
301,2015-07-15,288.045013
302,2015-07-16,286.041992
303,2015-07-17,278.091003
304,2015-07-18,279.330994
305,2015-07-19,274.766998
306,2015-07-20,273.498993
307,2015-07-21,278.881989
308,2015-07-22,275.657013
309,2015-07-23,277.341003
310,2015-07-24,276.005005
311,2015-07-25,288.164001
312,2015-07-26,288.640015
313,2015-07-27,292.639008
314,2015-07-28,293.632996
315,2015-07-29,294.484009
316,2015-07-30,289.102997
317,2015-07-31,287.696014
318,2015-08-01,284.686005
319,2015-08-02,280.449005
320,2015-08-03,282.806
321,2015-08-04,281.225006
322,2015-08-05,284.846985
323,2015-08-06,281.906006
324,2015-08-07,278.740997
325,2015-08-08,279.742004
326,2015-08-09,261.115997
327,2015-08-10,265.477997
328,2015-08-11,264.34201
329,2015-08-12,270.597992
330,2015-08-13,266.183014
331,2015-08-14,264.131989
332,2015-08-15,265.528992
333,2015-08-16,261.865997
334,2015-08-17,258.48999
335,2015-08-18,257.925995
336,2015-08-19,225.671005
337,2015-08-20,226.899002
338,2015-08-21,235.354996
339,2015-08-22,232.662003
340,2015-08-23,230.376007
341,2015-08-24,228.112
342,2015-08-25,210.067993
343,2015-08-26,222.076004
344,2015-08-27,226.050003
345,2015-08-28,224.701004
346,2015-08-29,231.548996
347,2015-08-30,229.895004
348,2015-08-31,229.113998
349,2015-09-01,230.255997
350,2015-09-02,228.026993
351,2015-09-03,229.324005
352,2015-09-04,227.214996
353,2015-09-05,230.199005
354,2015-09-06,234.869995
355,2015-09-07,239.934006
356,2015-09-08,239.845993
357,2015-09-09,243.414993
358,2015-09-10,238.335999
359,2015-09-11,238.328995
360,2015-09-12,239.854996
361,2015-09-13,235.242004
362,2015-09-14,230.608994
363,2015-09-15,230.492004
364,2015-09-16,230.25
365,2015-09-17,229.076004
366,2015-09-18,233.520996
367,2015-09-19,232.858002
368,2015-09-20,231.399002
369,2015-09-21,231.216995
370,2015-09-22,226.968994
371,2015-09-23,230.936005
372,2015-09-24,230.358002
373,2015-09-25,234.362
374,2015-09-26,235.076004
375,2015-09-27,234.139008
376,2015-09-28,232.835999
377,2015-09-29,239.016006
378,2015-09-30,236.639999
379,2015-10-01,236.003998
380,2015-10-02,237.264008
381,2015-10-03,237.201996
382,2015-10-04,238.531006
383,2015-10-05,238.147003
384,2015-10-06,240.363998
385,2015-10-07,246.169998
386,2015-10-08,243.074997
387,2015-10-09,242.498001
388,2015-10-10,243.740005
389,2015-10-11,244.742004
390,2015-10-12,246.875
391,2015-10-13,245.199997
392,2015-10-14,249.492996
393,2015-10-15,252.106995
394,2015-10-16,254.296005
395,2015-10-17,262.747009
396,2015-10-18,270.907013
397,2015-10-19,261.860992
398,2015-10-20,263.571991
399,2015-10-21,269.306
400,2015-10-22,266.496002
401,2015-10-23,273.648987
402,2015-10-24,276.503998
403,2015-10-25,281.445007
404,2015-10-26,283.627991
405,2015-10-27,285.181
406,2015-10-28,293.703003
407,2015-10-29,304.324005
408,2015-10-30,313.942993
409,2015-10-31,328.511993
410,2015-11-01,315.005005
411,2015-11-02,325.941986
412,2015-11-03,361.872986
413,2015-11-04,403.664001
414,2015-11-05,408.076996
415,2015-11-06,388.046997
416,2015-11-07,374.269012
417,2015-11-08,384.278015
418,2015-11-09,374.324005
419,2015-11-10,379.984009
420,2015-11-11,339.820007
421,2015-11-12,314.07901
422,2015-11-13,338.497986
423,2015-11-14,336.623993
424,2015-11-15,333.050995
425,2015-11-16,319.734985
426,2015-11-17,330.362
427,2015-11-18,334.592987
428,2015-11-19,334.678986
429,2015-11-20,326.411011
430,2015-11-21,322.09201
431,2015-11-22,326.975006
432,2015-11-23,324.350006
433,2015-11-24,323.014008
434,2015-11-25,320.045013
435,2015-11-26,328.303009
436,2015-11-27,351.860992
437,2015-11-28,357.140991
438,2015-11-29,357.471985
439,2015-11-30,371.437012
440,2015-12-01,377.414001
441,2015-12-02,361.845001
442,2015-12-03,359.330994
443,2015-12-04,361.261993
444,2015-12-05,363.721008
445,2015-12-06,389.554993
446,2015-12-07,389.977997
447,2015-12-08,395.753998
448,2015-12-09,414.44101
449,2015-12-10,417.988007
450,2015-12-11,415.281006
451,2015-12-12,452.334991
452,2015-12-13,431.660004
453,2015-12-14,433.272003
454,2015-12-15,443.877991
455,2015-12-16,465.208008
456,2015-12-17,454.777008
457,2015-12-18,455.846985
458,2015-12-19,463.552002
459,2015-12-20,462.234009
460,2015-12-21,442.838013
461,2015-12-22,437.436005
462,2015-12-23,436.720001
463,2015-12-24,443.091003
464,2015-12-25,454.855011
465,2015-12-26,455.756012
466,2015-12-27,416.514008
467,2015-12-28,423.342987
468,2015-12-29,422.097992
469,2015-12-30,433.299988
470,2015-12-31,425.875
471,2016-01-01,430.721008
472,2016-01-02,434.622009
473,2016-01-03,433.578003
474,2016-01-04,430.061005
475,2016-01-05,433.069
476,2016-01-06,431.855988
477,2016-01-07,430.010986
478,2016-01-08,457.537994
479,2016-01-09,453.382996
480,2016-01-10,448.238007
481,2016-01-11,448.697998
482,2016-01-12,448.182007
483,2016-01-13,434.665009
484,2016-01-14,432.287994
485,2016-01-15,430.255005
486,2016-01-16,365.072998
487,2016-01-17,387.152008
488,2016-01-18,381.733002
489,2016-01-19,387.026001
490,2016-01-20,379.73999
491,2016-01-21,419.631989
492,2016-01-22,409.751007
493,2016-01-23,382.43399
494,2016-01-24,388.10199
495,2016-01-25,402.316986
496,2016-01-26,392.002014
497,2016-01-27,392.444
498,2016-01-28,395.145996
499,2016-01-29,380.108002
500,2016-01-30,378.86499
501,2016-01-31,378.292999
502,2016-02-01,369.350006
503,2016-02-02,372.920013
504,2016-02-03,374.645996
505,2016-02-04,370.174011
506,2016-02-05,388.89801
507,2016-02-06,386.588989
508,2016-02-07,376.514008
509,2016-02-08,376.756989
510,2016-02-09,373.423004
511,2016-02-10,376.145996
512,2016-02-11,382.114014
513,2016-02-12,379.686005
514,2016-02-13,384.640991
515,2016-02-14,392.932007
516,2016-02-15,407.567993
517,2016-02-16,401.432007
518,2016-02-17,407.656006
519,2016-02-18,416.571991
520,2016-02-19,422.730011
521,2016-02-20,421.601013
522,2016-02-21,437.77301
523,2016-02-22,438.989014
524,2016-02-23,438.255005
525,2016-02-24,420.955994
526,2016-02-25,425.036987
527,2016-02-26,424.628998
528,2016-02-27,432.838989
529,2016-02-28,432.571014
530,2016-02-29,433.437988
531,2016-03-01,437.916992
532,2016-03-02,435.131012
533,2016-03-03,423.911987
534,2016-03-04,421.835999
535,2016-03-05,410.781006
536,2016-03-06,400.524994
537,2016-03-07,407.756989
538,2016-03-08,414.464996
539,2016-03-09,413.894012
540,2016-03-10,414.743988
541,2016-03-11,417.238007
542,2016-03-12,421.605011
543,2016-03-13,411.64801
544,2016-03-14,414.200989
545,2016-03-15,416.388
546,2016-03-16,416.888
547,2016-03-17,417.889008
548,2016-03-18,420.546997
549,2016-03-19,409.265015
550,2016-03-20,410.401001
551,2016-03-21,413.417999
552,2016-03-22,413.131989
553,2016-03-23,418.161011
554,2016-03-24,418.424011
555,2016-03-25,416.507996
556,2016-03-26,417.36499
557,2016-03-27,418.140015
558,2016-03-28,426.548004
559,2016-03-29,424.303986
560,2016-03-30,416.834015
561,2016-03-31,415.256989
562,2016-04-01,416.76001
563,2016-04-02,418.421997
564,2016-04-03,421.173004
565,2016-04-04,421.299011
566,2016-04-05,421.016998
567,2016-04-06,424.283997
568,2016-04-07,423.619995
569,2016-04-08,422.907013
570,2016-04-09,420.811005
571,2016-04-10,419.59201
572,2016-04-11,421.872009
573,2016-04-12,422.842987
574,2016-04-13,425.631989
575,2016-04-14,423.934998
576,2016-04-15,424.427002
577,2016-04-16,429.575012
578,2016-04-17,430.635986
579,2016-04-18,427.610992
580,2016-04-19,428.703003
581,2016-04-20,435.324005
582,2016-04-21,441.415985
583,2016-04-22,449.687988
584,2016-04-23,445.860992
585,2016-04-24,450.559998
586,2016-04-25,459.121002
587,2016-04-26,461.64801
588,2016-04-27,466.261993
589,2016-04-28,445.037994
590,2016-04-29,449.40799
591,2016-04-30,455.178009
592,2016-05-01,448.484009
593,2016-05-02,451.933014
594,2016-05-03,444.72699
595,2016-05-04,450.183014
596,2016-05-05,446.710999
597,2016-05-06,447.941986
598,2016-05-07,459.639008
599,2016-05-08,458.428986
600,2016-05-09,458.205994
601,2016-05-10,460.518005
602,2016-05-11,450.864014
603,2016-05-12,452.446991
604,2016-05-13,454.850006
605,2016-05-14,455.822998
606,2016-05-15,455.759003
607,2016-05-16,457.585999
608,2016-05-17,454.009003
609,2016-05-18,453.69101
610,2016-05-19,454.523987
611,2016-05-20,437.792999
612,2016-05-21,442.966003
613,2016-05-22,443.217987
614,2016-05-23,439.347992
615,2016-05-24,444.290985
616,2016-05-25,446.062012
617,2016-05-26,449.671997
618,2016-05-27,453.520996
619,2016-05-28,473.028992
620,2016-05-29,527.47699
621,2016-05-30,528.471008
622,2016-05-31,534.190979
623,2016-06-01,531.106995
624,2016-06-02,536.515015
625,2016-06-03,537.682007
626,2016-06-04,569.705017
627,2016-06-05,573.307983
628,2016-06-06,574.60199
629,2016-06-07,585.445007
630,2016-06-08,577.166992
631,2016-06-09,582.203003
632,2016-06-10,575.836975
633,2016-06-11,578.674011
634,2016-06-12,609.684021
635,2016-06-13,671.653992
636,2016-06-14,704.504028
637,2016-06-15,685.684998
638,2016-06-16,696.52301
639,2016-06-17,768.487
640,2016-06-18,748.755981
641,2016-06-19,756.687988
642,2016-06-20,763.927002
643,2016-06-21,735.882996
644,2016-06-22,665.914978
645,2016-06-23,597.442993
646,2016-06-24,625.575012
647,2016-06-25,665.281006
648,2016-06-26,665.93103
649,2016-06-27,629.348999
650,2016-06-28,658.10199
651,2016-06-29,644.122009
652,2016-06-30,640.591003
653,2016-07-01,672.515015
654,2016-07-02,676.734009
655,2016-07-03,704.968018
656,2016-07-04,658.804016
657,2016-07-05,683.208984
658,2016-07-06,670.41803
659,2016-07-07,678.090027
660,2016-07-08,640.687988
661,2016-07-09,666.383972
662,2016-07-10,650.598999
663,2016-07-11,648.484009
664,2016-07-12,648.28302
665,2016-07-13,664.796997
666,2016-07-14,652.922974
667,2016-07-15,659.171021
668,2016-07-16,663.781006
669,2016-07-17,661.992981
670,2016-07-18,679.809021
671,2016-07-19,672.737976
672,2016-07-20,672.80603
673,2016-07-21,665.228027
674,2016-07-22,664.921997
675,2016-07-23,650.726013
676,2016-07-24,655.409973
677,2016-07-25,661.263
678,2016-07-26,654.226013
679,2016-07-27,651.627014
680,2016-07-28,654.492004
681,2016-07-29,655.111023
682,2016-07-30,657.012024
683,2016-07-31,655.099976
684,2016-08-01,624.60199
685,2016-08-02,606.396973
686,2016-08-03,548.656006
687,2016-08-04,566.328979
688,2016-08-05,578.281006
689,2016-08-06,575.030029
690,2016-08-07,587.770996
691,2016-08-08,592.736023
692,2016-08-09,591.038025
693,2016-08-10,587.64801
694,2016-08-11,592.124023
695,2016-08-12,588.797974
696,2016-08-13,587.356995
697,2016-08-14,585.588989
698,2016-08-15,570.494019
699,2016-08-16,567.242981
700,2016-08-17,577.760986
701,2016-08-18,573.70697
702,2016-08-19,574.338989
703,2016-08-20,576.083984
704,2016-08-21,581.939026
705,2016-08-22,581.310974
706,2016-08-23,586.770996
707,2016-08-24,583.411987
708,2016-08-25,580.179993
709,2016-08-26,577.752991
710,2016-08-27,579.452026
711,2016-08-28,569.830017
712,2016-08-29,574.070984
713,2016-08-30,574.114014
714,2016-08-31,577.591003
715,2016-09-01,575.546021
716,2016-09-02,572.409973
717,2016-09-03,575.554993
718,2016-09-04,598.590027
719,2016-09-05,608.98999
720,2016-09-06,606.505981
721,2016-09-07,610.572998
722,2016-09-08,614.63501
723,2016-09-09,626.35199
724,2016-09-10,622.927002
725,2016-09-11,623.424011
726,2016-09-12,607.005005
727,2016-09-13,608.025024
728,2016-09-14,608.841003
729,2016-09-15,610.588013
730,2016-09-16,607.245972
731,2016-09-17,607.218018
732,2016-09-18,606.28302
733,2016-09-19,609.870972
734,2016-09-20,609.254028
735,2016-09-21,603.588013
736,2016-09-22,597.278992
737,2016-09-23,596.198975
738,2016-09-24,602.960999
739,2016-09-25,602.749023
740,2016-09-26,600.807007
741,2016-09-27,608.021973
742,2016-09-28,606.242981
743,2016-09-29,605.018982
744,2016-09-30,605.715027
745,2016-10-01,609.929016
746,2016-10-02,613.947998
747,2016-10-03,610.968018
748,2016-10-04,612.052002
749,2016-10-05,610.218018
750,2016-10-06,612.469971
751,2016-10-07,612.607971
752,2016-10-08,617.341003
753,2016-10-09,619.171997
754,2016-10-10,616.822021
755,2016-10-11,619.237976
756,2016-10-12,640.870972
757,2016-10-13,636.030029
758,2016-10-14,637.007996
759,2016-10-15,640.310974
760,2016-10-16,639.083008
761,2016-10-17,641.817993
762,2016-10-18,639.411011
763,2016-10-19,638.133972
764,2016-10-20,630.663025
765,2016-10-21,630.825012
766,2016-10-22,633.135986
767,2016-10-23,657.620972
768,2016-10-24,657.161011
769,2016-10-25,654.002014
770,2016-10-26,657.677979
771,2016-10-27,678.213989
772,2016-10-28,688.0
773,2016-10-29,690.289001
774,2016-10-30,714.117981
775,2016-10-31,702.640015
776,2016-11-01,701.336975
777,2016-11-02,730.065979
778,2016-11-03,742.346008
779,2016-11-04,689.124023
780,2016-11-05,703.525024
781,2016-11-06,703.812012
782,2016-11-07,710.736023
783,2016-11-08,703.088989
784,2016-11-09,709.825012
785,2016-11-10,722.843994
786,2016-11-11,715.554993
787,2016-11-12,716.752014
788,2016-11-13,705.195984
789,2016-11-14,701.997009
790,2016-11-15,705.794006
791,2016-11-16,711.166992
792,2016-11-17,744.875977
793,2016-11-18,740.705017
794,2016-11-19,751.833008
795,2016-11-20,751.879028
796,2016-11-21,731.265015
797,2016-11-22,739.643005
798,2016-11-23,751.741028
799,2016-11-24,744.619995
800,2016-11-25,740.442017
801,2016-11-26,741.510986
802,2016-11-27,735.437012
803,2016-11-28,732.484009
804,2016-11-29,736.328979
805,2016-11-30,736.283997
806,2016-12-01,746.046021
807,2016-12-02,757.544983
808,2016-12-03,778.247986
809,2016-12-04,771.638
810,2016-12-05,773.393982
811,2016-12-06,758.719971
812,2016-12-07,764.210999
813,2016-12-08,768.075989
814,2016-12-09,769.94397
815,2016-12-10,773.02301
816,2016-12-11,774.752014
817,2016-12-12,770.039978
818,2016-12-13,780.646973
819,2016-12-14,780.005005
820,2016-12-15,780.070007
821,2016-12-16,778.963013
822,2016-12-17,785.166016
823,2016-12-18,791.007996
824,2016-12-19,790.692017
825,2016-12-20,792.247009
826,2016-12-21,800.643982
827,2016-12-22,834.179993
828,2016-12-23,864.888
829,2016-12-24,922.179993
830,2016-12-25,899.651978
831,2016-12-26,896.905029
832,2016-12-27,908.354004
833,2016-12-28,934.830994
834,2016-12-29,975.125
835,2016-12-30,972.534973
836,2016-12-31,960.627014
837,2017-01-01,963.65802
838,2017-01-02,998.617004
839,2017-01-03,1021.599976
840,2017-01-04,1044.400024
841,2017-01-05,1156.72998
842,2017-01-06,1014.23999
843,2017-01-07,903.487
844,2017-01-08,908.174988
845,2017-01-09,913.244019
846,2017-01-10,902.440002
847,2017-01-11,908.11499
848,2017-01-12,775.177979
849,2017-01-13,803.737
850,2017-01-14,825.142029
851,2017-01-15,818.142029
852,2017-01-16,821.78302
853,2017-01-17,830.945984
854,2017-01-18,909.372986
855,2017-01-19,888.335022
856,2017-01-20,898.171997
857,2017-01-21,895.549011
858,2017-01-22,922.205017
859,2017-01-23,925.499023
860,2017-01-24,910.677002
861,2017-01-25,891.924011
862,2017-01-26,902.39502
863,2017-01-27,918.359009
864,2017-01-28,919.810974
865,2017-01-29,922.067017
866,2017-01-30,920.151001
867,2017-01-31,920.958984
868,2017-02-01,970.940979
869,2017-02-02,990.000977
870,2017-02-03,1011.460022
871,2017-02-04,1031.329956
872,2017-02-05,1043.52002
873,2017-02-06,1028.400024
874,2017-02-07,1040.140015
875,2017-02-08,1062.319946
876,2017-02-09,1064.699951
877,2017-02-10,995.632019
878,2017-02-11,988.89801
879,2017-02-12,1003.52002
880,2017-02-13,998.88501
881,2017-02-14,991.734985
882,2017-02-15,1006.210022
883,2017-02-16,1007.650024
884,2017-02-17,1026.119995
885,2017-02-18,1049.209961
886,2017-02-19,1054.76001
887,2017-02-20,1048.689941
888,2017-02-21,1079.280029
889,2017-02-22,1114.800049
890,2017-02-23,1117.27002
891,2017-02-24,1172.709961
892,2017-02-25,1170.410034
893,2017-02-26,1144.27002
894,2017-02-27,1163.780029
895,2017-02-28,1180.719971
896,2017-03-01,1180.040039
897,2017-03-02,1224.680054
898,2017-03-03,1250.709961
899,2017-03-04,1277.430054
900,2017-03-05,1254.290039
901,2017-03-06,1267.469971
902,2017-03-07,1273.209961
903,2017-03-08,1223.22998
904,2017-03-09,1150.349976
905,2017-03-10,1189.359985
906,2017-03-11,1116.319946
907,2017-03-12,1176.619995
908,2017-03-13,1221.780029
909,2017-03-14,1232.160034
910,2017-03-15,1240.160034
911,2017-03-16,1251.329956
912,2017-03-17,1180.160034
913,2017-03-18,1099.689941
914,2017-03-19,976.72998
915,2017-03-20,1037.23999
916,2017-03-21,1055.359985
917,2017-03-22,1120.650024
918,2017-03-23,1050.050049
919,2017-03-24,1038.449951
920,2017-03-25,936.539978
921,2017-03-26,974.015015
922,2017-03-27,972.054993
923,2017-03-28,1044.579956
924,2017-03-29,1046.079956
925,2017-03-30,1042.209961
926,2017-03-31,1026.640015
927,2017-04-01,1071.709961
928,2017-04-02,1080.609985
929,2017-04-03,1102.949951
930,2017-04-04,1145.52002
931,2017-04-05,1134.140015
932,2017-04-06,1125.810059
933,2017-04-07,1178.939941
934,2017-04-08,1172.650024
935,2017-04-09,1176.569946
936,2017-04-10,1187.300049
937,2017-04-11,1187.459961
938,2017-04-12,1204.810059
939,2017-04-13,1201.02002
940,2017-04-14,1170.329956
941,2017-04-15,1167.300049
942,2017-04-16,1172.609985
943,2017-04-17,1183.25
944,2017-04-18,1193.77002
945,2017-04-19,1212.130005
946,2017-04-20,1211.079956
947,2017-04-21,1229.420044
948,2017-04-22,1222.709961
949,2017-04-23,1231.920044
950,2017-04-24,1209.630005
951,2017-04-25,1250.449951
952,2017-04-26,1265.98999
953,2017-04-27,1281.880005
954,2017-04-28,1317.73999
955,2017-04-29,1317.839966
956,2017-04-30,1321.869995
957,2017-05-01,1348.300049
958,2017-05-02,1421.030029
959,2017-05-03,1453.780029
960,2017-05-04,1490.719971
961,2017-05-05,1540.869995
962,2017-05-06,1556.810059
963,2017-05-07,1579.469971
964,2017-05-08,1596.920044
965,2017-05-09,1723.890015
966,2017-05-10,1756.52002
967,2017-05-11,1780.369995
968,2017-05-12,1845.76001
969,2017-05-13,1723.119995
970,2017-05-14,1800.859985
971,2017-05-15,1808.439941
972,2017-05-16,1741.699951
973,2017-05-17,1726.72998
974,2017-05-18,1818.699951
975,2017-05-19,1897.369995
976,2017-05-20,1984.23999
977,2017-05-21,2067.030029
978,2017-05-22,2043.189941
979,2017-05-23,2191.560059
980,2017-05-24,2321.370117
981,2017-05-25,2446.23999
982,2017-05-26,2320.889893
983,2017-05-27,2196.27002
984,2017-05-28,2054.080078
985,2017-05-29,2159.429932
986,2017-05-30,2255.360107
987,2017-05-31,2187.189941
988,2017-06-01,2288.330078
989,2017-06-02,2404.030029
990,2017-06-03,2493.719971
991,2017-06-04,2547.790039
992,2017-06-05,2512.399902
993,2017-06-06,2690.840088
994,2017-06-07,2869.379883
995,2017-06-08,2720.48999
996,2017-06-09,2807.439941
997,2017-06-10,2828.139893
998,2017-06-11,2942.409912
999,2017-06-12,2953.219971
1000,2017-06-13,2680.909912
1001,2017-06-14,2716.879883
1002,2017-06-15,2499.580078
1003,2017-06-16,2469.570068
1004,2017-06-17,2514.01001
1005,2017-06-18,2655.350098
1006,2017-06-19,2549.030029
1007,2017-06-20,2591.26001
1008,2017-06-21,2709.429932
1009,2017-06-22,2691.030029
1010,2017-06-23,2707.340088
1011,2017-06-24,2738.52002
1012,2017-06-25,2607.25
1013,2017-06-26,2590.570068
1014,2017-06-27,2478.449951
1015,2017-06-28,2553.030029
1016,2017-06-29,2567.560059
1017,2017-06-30,2539.23999
1018,2017-07-01,2492.600098
1019,2017-07-02,2436.399902
1020,2017-07-03,2498.560059
1021,2017-07-04,2561.0
1022,2017-07-05,2602.870117
1023,2017-07-06,2608.100098
1024,2017-07-07,2608.590088
1025,2017-07-08,2520.27002
1026,2017-07-09,2572.610107
1027,2017-07-10,2525.25
1028,2017-07-11,2385.889893
1029,2017-07-12,2332.77002
1030,2017-07-13,2402.699951
1031,2017-07-14,2360.590088
1032,2017-07-15,2230.120117
1033,2017-07-16,1991.97998
1034,2017-07-17,1932.619995
1035,2017-07-18,2233.52002
1036,2017-07-19,2323.080078
1037,2017-07-20,2269.889893
1038,2017-07-21,2838.409912
1039,2017-07-22,2668.629883
1040,2017-07-23,2808.100098
1041,2017-07-24,2732.699951
1042,2017-07-25,2757.5
1043,2017-07-26,2577.77002
1044,2017-07-27,2538.709961
1045,2017-07-28,2679.72998
1046,2017-07-29,2807.02002
1047,2017-07-30,2724.389893
1048,2017-07-31,2763.23999
1049,2017-08-01,2871.300049
1050,2017-08-02,2727.129883
1051,2017-08-03,2709.560059
1052,2017-08-04,2806.929932
1053,2017-08-05,2897.629883
1054,2017-08-06,3257.610107
1055,2017-08-07,3212.780029
1056,2017-08-08,3370.219971
1057,2017-08-09,3420.399902
1058,2017-08-10,3341.840088
1059,2017-08-11,3373.820068
1060,2017-08-12,3650.629883
1061,2017-08-13,3880.040039
1062,2017-08-14,4066.100098
1063,2017-08-15,4326.990234
1064,2017-08-16,4200.339844
1065,2017-08-17,4384.439941
1066,2017-08-18,4324.339844
1067,2017-08-19,4137.75
1068,2017-08-20,4189.310059
1069,2017-08-21,4090.47998
1070,2017-08-22,3998.350098
1071,2017-08-23,4089.01001
1072,2017-08-24,4137.600098
1073,2017-08-25,4332.819824
1074,2017-08-26,4372.060059
1075,2017-08-27,4345.100098
1076,2017-08-28,4384.450195
1077,2017-08-29,4389.209961
1078,2017-08-30,4570.359863
1079,2017-08-31,4555.589844
1080,2017-09-01,4701.759766
1081,2017-09-02,4901.419922
1082,2017-09-03,4585.27002
1083,2017-09-04,4591.629883
1084,2017-09-05,4228.290039
1085,2017-09-06,4376.589844
1086,2017-09-07,4589.140137
1087,2017-09-08,4605.160156
1088,2017-09-09,4229.810059
1089,2017-09-10,4229.339844
1090,2017-09-11,4122.470215
1091,2017-09-12,4168.879883
1092,2017-09-13,4131.97998
1093,2017-09-14,3875.370117
1094,2017-09-15,3166.300049
1095,2017-09-16,3637.75
1096,2017-09-17,3606.280029
1097,2017-09-18,3591.090088
1098,2017-09-19,4073.790039
1099,2017-09-20,3916.360107
1100,2017-09-21,3901.469971
1101,2017-09-22,3628.02002
1102,2017-09-23,3629.919922
1103,2017-09-24,3796.149902
1104,2017-09-25,3681.580078
1105,2017-09-26,3928.409912
1106,2017-09-27,3892.939941
1107,2017-09-28,4197.129883
1108,2017-09-29,4171.620117
1109,2017-09-30,4166.109863
1110,2017-10-01,4341.049805
1111,2017-10-02,4395.810059
1112,2017-10-03,4408.459961
1113,2017-10-04,4319.370117
1114,2017-10-05,4229.879883
1115,2017-10-06,4324.459961
1116,2017-10-07,4369.350098
1117,2017-10-08,4429.669922
1118,2017-10-09,4614.52002
1119,2017-10-10,4776.209961
1120,2017-10-11,4789.25
1121,2017-10-12,4829.580078
1122,2017-10-13,5464.160156
1123,2017-10-14,5643.529785
1124,2017-10-15,5835.959961
1125,2017-10-16,5687.569824
1126,2017-10-17,5741.580078
1127,2017-10-18,5603.819824
1128,2017-10-19,5583.740234
1129,2017-10-20,5708.109863
1130,2017-10-21,5996.790039
1131,2017-10-22,6036.660156
1132,2017-10-23,6006.0
1133,2017-10-24,5935.52002
1134,2017-10-25,5524.600098
1135,2017-10-26,5747.950195
1136,2017-10-27,5899.740234
1137,2017-10-28,5787.819824
1138,2017-10-29,5754.439941
1139,2017-10-30,6114.850098
1140,2017-10-31,6132.02002
1141,2017-11-01,6440.970215
1142,2017-11-02,6777.77002
1143,2017-11-03,7087.529785
1144,2017-11-04,7164.47998
1145,2017-11-05,7404.52002
1146,2017-11-06,7403.220215
1147,2017-11-07,7023.100098
1148,2017-11-08,7141.379883
1149,2017-11-09,7446.830078
1150,2017-11-10,7173.72998
1151,2017-11-11,6618.609863
1152,2017-11-12,6295.450195
1153,2017-11-13,5938.25
1154,2017-11-14,6561.47998
1155,2017-11-15,6634.759766
1156,2017-11-16,7323.240234
1157,2017-11-17,7853.569824
1158,2017-11-18,7697.209961
1159,2017-11-19,7766.029785
1160,2017-11-20,8039.069824
1161,2017-11-21,8205.740234
1162,2017-11-22,8077.950195
1163,2017-11-23,8232.379883
1164,2017-11-24,8074.02002
1165,2017-11-25,8241.709961
1166,2017-11-26,8789.040039
1167,2017-11-27,9352.719727
1168,2017-11-28,9823.429688
1169,2017-11-29,10077.400391
1170,2017-11-30,9906.790039
1171,2017-12-01,10198.599609
1172,2017-12-02,10978.299805
1173,2017-12-03,11082.700195
1174,2017-12-04,11315.400391
1175,2017-12-05,11685.700195
1176,2017-12-06,11923.400391
1177,2017-12-07,14266.099609
1178,2017-12-08,17802.900391
1179,2017-12-09,16523.300781
1180,2017-12-10,15168.400391
1181,2017-12-11,15427.400391
1182,2017-12-12,16919.800781
1183,2017-12-13,17500.0
1184,2017-12-14,16384.599609
1185,2017-12-15,16601.300781
1186,2017-12-16,17760.300781
1187,2017-12-17,19475.800781
1188,2017-12-18,19106.400391
1189,2017-12-19,19118.300781
1190,2017-12-20,17760.300781
1191,2017-12-21,16642.400391
1192,2017-12-22,15898.0
1193,2017-12-23,13948.700195
1194,2017-12-24,14608.200195
1195,2017-12-25,13995.900391
1196,2017-12-26,14036.599609
1197,2017-12-27,16163.5
1198,2017-12-28,15864.099609
1199,2017-12-29,14695.799805
1200,2017-12-30,14681.900391
1201,2017-12-31,12897.700195
1202,2018-01-01,14112.200195
1203,2018-01-02,13625.0
1204,2018-01-03,14978.200195
1205,2018-01-04,15270.700195
1206,2018-01-05,15477.200195
1207,2018-01-06,17462.099609
1208,2018-01-07,17527.300781
1209,2018-01-08,16476.199219
1210,2018-01-09,15123.700195
1211,2018-01-10,14588.5
1212,2018-01-11,14968.200195
1213,2018-01-12,13453.900391
1214,2018-01-13,13952.400391
1215,2018-01-14,14370.799805
1216,2018-01-15,13767.299805
1217,2018-01-16,13836.099609
1218,2018-01-17,11431.099609
1219,2018-01-18,11198.799805
1220,2018-01-19,11429.799805
1221,2018-01-20,11656.200195
1222,2018-01-21,12889.200195
1223,2018-01-22,11633.099609
1224,2018-01-23,10944.5
1225,2018-01-24,10903.400391
1226,2018-01-25,11421.700195
1227,2018-01-26,11256.0
1228,2018-01-27,11174.900391
1229,2018-01-28,11475.299805
1230,2018-01-29,11755.5
1231,2018-01-30,11306.799805
1232,2018-01-31,10108.200195
1233,2018-02-01,10237.299805
1234,2018-02-02,9142.280273
1235,2018-02-03,8852.120117
1236,2018-02-04,9175.700195
1237,2018-02-05,8270.540039
1238,2018-02-06,7051.75
1239,2018-02-07,7755.490234
1240,2018-02-08,7637.859863
1241,2018-02-09,8271.839844
1242,2018-02-10,8720.080078
1243,2018-02-11,8616.129883
1244,2018-02-12,8141.430176
1245,2018-02-13,8926.719727
1246,2018-02-14,8599.919922
1247,2018-02-15,9488.320313
1248,2018-02-16,10135.700195
1249,2018-02-17,10207.5
1250,2018-02-18,11123.400391
1251,2018-02-19,10552.599609
1252,2018-02-20,11231.799805
1253,2018-02-21,11372.200195
1254,2018-02-22,10660.400391
1255,2018-02-23,9937.070313
1256,2018-02-24,10287.700195
1257,2018-02-25,9796.419922
1258,2018-02-26,9669.429688
1259,2018-02-27,10393.900391
1260,2018-02-28,10687.200195
1261,2018-03-01,10385.0
1262,2018-03-02,10977.400391
1263,2018-03-03,11101.900391
1264,2018-03-04,11497.400391
1265,2018-03-05,11532.400391
1266,2018-03-06,11500.099609
1267,2018-03-07,10803.900391
1268,2018-03-08,9951.44043
1269,2018-03-09,9414.69043
1270,2018-03-10,9350.589844
1271,2018-03-11,8852.780273
1272,2018-03-12,9602.929688
1273,2018-03-13,9173.040039
1274,2018-03-14,9214.650391
1275,2018-03-15,8290.759766
1276,2018-03-16,8322.910156
1277,2018-03-17,8321.910156
1278,2018-03-18,7890.52002
1279,2018-03-19,8344.120117
1280,2018-03-20,8619.669922
1281,2018-03-21,8937.480469
1282,2018-03-22,8939.44043
1283,2018-03-23,8736.25
1284,2018-03-24,8901.950195
1285,2018-03-25,8612.80957
1286,2018-03-26,8498.469727
1287,2018-03-27,8200.0
1288,2018-03-28,7836.830078
1289,2018-03-29,7979.069824
1290,2018-03-30,7171.450195
1291,2018-03-31,6892.47998
1292,2018-04-01,7003.060059
1293,2018-04-02,6844.859863
1294,2018-04-03,7102.259766
1295,2018-04-04,7456.410156
1296,2018-04-05,6848.649902
1297,2018-04-06,6815.959961
1298,2018-04-07,6630.509766
1299,2018-04-08,6919.97998
1300,2018-04-09,7044.319824
1301,2018-04-10,6795.439941
1302,2018-04-11,6843.470215
1303,2018-04-12,6955.379883
1304,2018-04-13,7901.089844
1305,2018-04-14,7874.669922
1306,2018-04-15,7999.330078
1307,2018-04-16,8337.570313
1308,2018-04-17,8071.660156
1309,2018-04-18,7944.430176
1310,2018-04-19,8159.27002
1311,2018-04-20,8286.879883
1312,2018-04-21,8848.790039
1313,2018-04-22,8925.05957
1314,2018-04-23,8794.389648
1315,2018-04-24,8934.339844
1316,2018-04-25,9701.030273
1317,2018-04-26,8867.320313
1318,2018-04-27,9290.629883
1319,2018-04-28,8939.269531
1320,2018-04-29,9346.410156
1321,2018-04-30,9426.110352
1322,2018-05-01,9251.469727
1323,2018-05-02,9104.599609
1324,2018-05-03,9233.969727
1325,2018-05-04,9695.5
1326,2018-05-05,9700.280273
1327,2018-05-06,9845.30957
1328,2018-05-07,9645.669922
1329,2018-05-08,9380.870117
1330,2018-05-09,9223.730469
1331,2018-05-10,9325.959961
1332,2018-05-11,9052.959961
1333,2018-05-12,8441.44043
1334,2018-05-13,8515.490234
1335,2018-05-14,8713.099609
1336,2018-05-15,8705.19043
1337,2018-05-16,8504.410156
1338,2018-05-17,8370.049805
1339,2018-05-18,8091.830078
1340,2018-05-19,8255.730469
1341,2018-05-20,8246.990234
1342,2018-05-21,8522.330078
1343,2018-05-22,8419.870117
1344,2018-05-23,8037.080078
1345,2018-05-24,7561.120117
1346,2018-05-25,7592.299805
1347,2018-05-26,7486.47998
1348,2018-05-27,7362.080078
1349,2018-05-28,7371.310059
1350,2018-05-29,7129.459961
1351,2018-05-30,7469.72998
1352,2018-05-31,7406.149902
1353,2018-06-01,7500.700195
1354,2018-06-02,7536.720215
1355,2018-06-03,7632.089844
1356,2018-06-04,7722.529785
1357,2018-06-05,7500.899902
1358,2018-06-06,7625.970215
1359,2018-06-07,7650.819824
1360,2018-06-08,7685.140137
1361,2018-06-09,7632.52002
1362,2018-06-10,7499.549805
1363,2018-06-11,6799.290039
1364,2018-06-12,6905.819824
1365,2018-06-13,6596.879883
1366,2018-06-14,6342.75
1367,2018-06-15,6674.080078
1368,2018-06-16,6455.450195
1369,2018-06-17,6545.529785
1370,2018-06-18,6510.069824
1371,2018-06-19,6742.390137
1372,2018-06-20,6770.759766
1373,2018-06-21,6780.089844
1374,2018-06-22,6737.879883
1375,2018-06-23,6090.100098
1376,2018-06-24,6164.279785
1377,2018-06-25,6171.970215
1378,2018-06-26,6253.549805
1379,2018-06-27,6084.399902
1380,2018-06-28,6153.160156
1381,2018-06-29,5898.129883
1382,2018-06-30,6214.220215
1383,2018-07-01,6411.680176
1384,2018-07-02,6380.379883
1385,2018-07-03,6596.660156
1386,2018-07-04,6550.870117
1387,2018-07-05,6599.709961
1388,2018-07-06,6638.689941
1389,2018-07-07,6668.709961
1390,2018-07-08,6857.799805
1391,2018-07-09,6775.080078
1392,2018-07-10,6739.209961
1393,2018-07-11,6330.77002
1394,2018-07-12,6396.779785
1395,2018-07-13,6235.029785
1396,2018-07-14,6247.5
1397,2018-07-15,6272.700195
1398,2018-07-16,6357.009766
1399,2018-07-17,6739.649902
1400,2018-07-18,7315.319824
1401,2018-07-19,7378.200195
1402,2018-07-20,7467.399902
1403,2018-07-21,7352.720215
1404,2018-07-22,7417.799805
1405,2018-07-23,7414.709961
1406,2018-07-24,7716.509766
1407,2018-07-25,8379.660156
1408,2018-07-26,8176.850098
1409,2018-07-27,7950.399902
1410,2018-07-28,8169.060059
1411,2018-07-29,8205.820313
1412,2018-07-30,8221.580078
1413,2018-07-31,8181.200195
1414,2018-08-01,7769.040039
1415,2018-08-02,7634.189941
1416,2018-08-03,7562.140137
1417,2018-08-04,7438.669922
1418,2018-08-05,7031.080078
1419,2018-08-06,7062.939941
1420,2018-08-07,6958.319824
1421,2018-08-08,6746.850098
1422,2018-08-09,6305.560059
1423,2018-08-10,6571.419922
1424,2018-08-11,6185.790039
1425,2018-08-12,6283.649902
1426,2018-08-13,6341.359863
1427,2018-08-14,6287.660156
1428,2018-08-15,6221.419922
1429,2018-08-16,6294.22998
1430,2018-08-17,6340.910156
1431,2018-08-18,6583.430176
1432,2018-08-19,6422.569824
1433,2018-08-20,6500.509766
1434,2018-08-21,6301.069824
1435,2018-08-22,6486.25
1436,2018-08-23,6371.339844
1437,2018-08-24,6551.52002
1438,2018-08-25,6719.950195
1439,2018-08-26,6754.640137
1440,2018-08-27,6710.799805
1441,2018-08-28,6891.080078
1442,2018-08-29,7091.709961
1443,2018-08-30,7043.759766
1444,2018-08-31,6973.970215
1445,2018-09-01,7044.810059
1446,2018-09-02,7189.580078
1447,2018-09-03,7279.029785
1448,2018-09-04,7263.0
1449,2018-09-05,7361.459961
1450,2018-09-06,6755.140137
1451,2018-09-07,6528.919922
1452,2018-09-08,6460.169922
1453,2018-09-09,6223.379883
1454,2018-09-10,6301.569824
1455,2018-09-11,6331.879883
1456,2018-09-12,6317.009766
1457,2018-09-13,6354.240234
1458,2018-09-14,6515.410156
1459,2018-09-15,6509.399902
1460,2018-09-16,6536.680176
1461,2018-09-17,6514.060059
1462,2018-09-18,6280.910156
1463,2018-09-19,6371.850098
1464,2018-09-20,6398.850098
1465,2018-09-21,6513.870117
1466,2018-09-22,6735.049805
1467,2018-09-23,6715.319824
1468,2018-09-24,6704.77002
1469,2018-09-25,6603.640137
1470,2018-09-26,6452.790039
1471,2018-09-27,6495.290039
1472,2018-09-28,6678.75
1473,2018-09-29,6643.100098
1474,2018-09-30,6604.709961
1475,2018-10-01,6619.850098
1476,2018-10-02,6593.240234
1477,2018-10-03,6553.859863
1478,2018-10-04,6497.910156
1479,2018-10-05,6574.149902
1480,2018-10-06,6622.450195
1481,2018-10-07,6590.680176
1482,2018-10-08,6600.189941
1483,2018-10-09,6653.080078
1484,2018-10-10,6640.290039
1485,2018-10-11,6586.740234
1486,2018-10-12,6239.25
1487,2018-10-13,6278.080078
1488,2018-10-14,6288.490234
1489,2018-10-15,6292.640137
1490,2018-10-16,6601.410156
1491,2018-10-17,6590.52002
1492,2018-10-18,6542.330078
1493,2018-10-19,6478.069824
1494,2018-10-20,6460.919922
1495,2018-10-21,6490.089844
1496,2018-10-22,6486.049805
1497,2018-10-23,6472.359863
1498,2018-10-24,6478.890137
1499,2018-10-25,6484.649902
1500,2018-10-26,6468.439941
1501,2018-10-27,6480.839844
1502,2018-10-28,6482.660156
1503,2018-10-29,6492.350098
1504,2018-10-30,6337.040039
1505,2018-10-31,6336.990234
1506,2018-11-01,6318.140137
1507,2018-11-02,6378.919922
1508,2018-11-03,6387.240234
1509,2018-11-04,6365.470215
1510,2018-11-05,6363.620117
1511,2018-11-06,6433.379883
1512,2018-11-07,6468.5
1513,2018-11-08,6522.27002
1514,2018-11-09,6442.600098
1515,2018-11-10,6386.129883
1516,2018-11-11,6413.629883
1517,2018-11-12,6411.759766
1518,2018-11-13,6373.189941
1519,2018-11-14,6351.240234
1520,2018-11-15,5736.149902
1521,2018-11-16,5645.319824
1522,2018-11-17,5578.580078
1523,2018-11-18,5559.740234
1524,2018-11-19,5620.779785
1525,2018-11-20,4863.930176
1526,2018-11-21,4465.540039
1527,2018-11-22,4611.569824
1528,2018-11-23,4360.700195
1529,2018-11-24,4347.689941
1530,2018-11-25,3880.780029
1531,2018-11-26,4015.070068
1532,2018-11-27,3765.949951
1533,2018-11-28,3822.469971
1534,2018-11-29,4269.004395
1535,2018-11-30,4289.088867
1536,2018-12-01,4024.464355
1537,2018-12-02,4200.733398
1538,2018-12-03,4147.32373
1539,2018-12-04,3886.294922
1540,2018-12-05,3958.894775
1541,2018-12-06,3754.074463
1542,2018-12-07,3512.590332
1543,2018-12-08,3421.9104
1544,2018-12-09,3473.227539
1545,2018-12-10,3612.046387
1546,2018-12-11,3497.554688
1547,2018-12-12,3421.458252
1548,2018-12-13,3487.879395
1549,2018-12-14,3311.751953
1550,2018-12-15,3243.997559
1551,2018-12-16,3236.274658
1552,2018-12-17,3253.123047
1553,2018-12-18,3544.761475
1554,2018-12-19,3706.824951
1555,2018-12-20,3742.195068
1556,2018-12-21,4133.703613
1557,2018-12-22,3898.08374
1558,2018-12-23,4020.994629
1559,2018-12-24,4000.331787
1560,2018-12-25,4081.030518
1561,2018-12-26,3819.666748
1562,2018-12-27,3854.688477
1563,2018-12-28,3653.131836
1564,2018-12-29,3932.491699
1565,2018-12-30,3822.384766
1566,2018-12-31,3866.839111
1567,2019-01-01,3746.713379
1568,2019-01-02,3849.216309
1569,2019-01-03,3931.048584
1570,2019-01-04,3832.040039
1571,2019-01-05,3851.973877
1572,2019-01-06,3836.519043
1573,2019-01-07,4078.584961
1574,2019-01-08,4028.472168
1575,2019-01-09,4031.552002
1576,2019-01-10,4034.411377
1577,2019-01-11,3674.015381
1578,2019-01-12,3686.973145
1579,2019-01-13,3658.868164
1580,2019-01-14,3557.311035
1581,2019-01-15,3704.216309
1582,2019-01-16,3631.509766
1583,2019-01-17,3651.871094
1584,2019-01-18,3677.990479
1585,2019-01-19,3652.37793
1586,2019-01-20,3725.446045
1587,2019-01-21,3600.372803
1588,2019-01-22,3575.081299
1589,2019-01-23,3605.557129
1590,2019-01-24,3584.500244
1591,2019-01-25,3607.390381
1592,2019-01-26,3599.715332
1593,2019-01-27,3604.687256
1594,2019-01-28,3584.283203
1595,2019-01-29,3468.870117
1596,2019-01-30,3443.896973
1597,2019-01-31,3485.40918
1598,2019-02-01,3460.547119
1599,2019-02-02,3484.625977
1600,2019-02-03,3516.139648
1601,2019-02-04,3467.21167
1602,2019-02-05,3454.950928
1603,2019-02-06,3469.091797
1604,2019-02-07,3414.929443
1605,2019-02-08,3401.376465
1606,2019-02-09,3671.585938
1607,2019-02-10,3673.201416
1608,2019-02-11,3695.613037
1609,2019-02-12,3642.751953
1610,2019-02-13,3653.604004
1611,2019-02-14,3631.170166
1612,2019-02-15,3617.368408
1613,2019-02-16,3615.270264
1614,2019-02-17,3633.359375
1615,2019-02-18,3671.369873
1616,2019-02-19,3911.661621
1617,2019-02-20,3946.685059
1618,2019-02-21,4000.256836
1619,2019-02-22,3952.406494
1620,2019-02-23,3998.91626
1621,2019-02-24,4145.458008
1622,2019-02-25,3807.002441
1623,2019-02-26,3878.697266
1624,2019-02-27,3857.479736
1625,2019-02-28,3848.261963
1626,2019-03-01,3853.75708
1627,2019-03-02,3855.318115
1628,2019-03-03,3862.266113
1629,2019-03-04,3845.091553
1630,2019-03-05,3759.83252
1631,2019-03-06,3897.081055
1632,2019-03-07,3903.384766
1633,2019-03-08,3913.22583
1634,2019-03-09,3894.55249
1635,2019-03-10,3966.174316
1636,2019-03-11,3953.740234
1637,2019-03-12,3903.758301
1638,2019-03-13,3913.047363
1639,2019-03-14,3905.576904
1640,2019-03-15,3926.66333
1641,2019-03-16,3963.900146
1642,2019-03-17,4047.719482
1643,2019-03-18,4029.968506
1644,2019-03-19,4032.691895
1645,2019-03-20,4070.793945
1646,2019-03-21,4083.953857
1647,2019-03-22,4028.514648
1648,2019-03-23,4022.713379
1649,2019-03-24,4035.163574
1650,2019-03-25,4024.112793
1651,2019-03-26,3969.22876
1652,2019-03-27,3984.244873
1653,2019-03-28,4087.584473
1654,2019-03-29,4068.299805
1655,2019-03-30,4092.13623
1656,2019-03-31,4105.456055
1657,2019-04-01,4105.362305
1658,2019-04-02,4156.919434
1659,2019-04-03,4879.958008
1660,2019-04-04,4971.307617
1661,2019-04-05,4922.806152
1662,2019-04-06,5036.792969
1663,2019-04-07,5062.793945
1664,2019-04-08,5199.835449
1665,2019-04-09,5289.917969
1666,2019-04-10,5204.105469
1667,2019-04-11,5325.081543
1668,2019-04-12,5061.200684
1669,2019-04-13,5088.850098
1670,2019-04-14,5095.758789
1671,2019-04-15,5167.321777
1672,2019-04-16,5066.577637
1673,2019-04-17,5236.135254
1674,2019-04-18,5251.480469
1675,2019-04-19,5298.154297
1676,2019-04-20,5304.160645
1677,2019-04-21,5335.878906
1678,2019-04-22,5312.494629
1679,2019-04-23,5399.365723
1680,2019-04-24,5571.508301
1681,2019-04-25,5466.524414
1682,2019-04-26,5210.304688
1683,2019-04-27,5279.471191
1684,2019-04-28,5271.746582
1685,2019-04-29,5284.858398
1686,2019-04-30,5247.726074
1687,2019-05-01,5350.914551
1688,2019-05-02,5402.422852
1689,2019-05-03,5505.552246
1690,2019-05-04,5769.202637
1691,2019-05-05,5831.068359
1692,2019-05-06,5791.693359
1693,2019-05-07,5745.599121
1694,2019-05-08,5849.481445
1695,2019-05-09,5982.316406
1696,2019-05-10,6175.822754
1697,2019-05-11,6379.666992
1698,2019-05-12,7203.507324
1699,2019-05-13,6971.178223
1700,2019-05-14,7807.884277
1701,2019-05-15,7989.374512
1702,2019-05-16,8194.500977
1703,2019-05-17,7886.925781
1704,2019-05-18,7341.664551
1705,2019-05-19,7267.962891
1706,2019-05-20,8196.923828
1707,2019-05-21,7977.969238
1708,2019-05-22,7956.291992
1709,2019-05-23,7677.269043
1710,2019-05-24,7881.695313
1711,2019-05-25,7991.885254
1712,2019-05-26,8055.206055
1713,2019-05-27,8674.072266
1714,2019-05-28,8802.757813
1715,2019-05-29,8718.591797
1716,2019-05-30,8661.760742
1717,2019-05-31,8320.286133
1718,2019-06-01,8573.839844
1719,2019-06-02,8565.473633
1720,2019-06-03,8741.74707
1721,2019-06-04,8210.985352
1722,2019-06-05,7704.343262
1723,2019-06-06,7819.633301
1724,2019-06-07,7826.901367
1725,2019-06-08,8036.774902
1726,2019-06-09,7949.674805
1727,2019-06-10,7692.284668
1728,2019-06-11,8004.243652
1729,2019-06-12,7925.434082
1730,2019-06-13,8145.54541
1731,2019-06-14,8230.898438
1732,2019-06-15,8689.746094
1733,2019-06-16,8841.44043
1734,2019-06-17,8988.923828
1735,2019-06-18,9335.466797
1736,2019-06-19,9078.727539
1737,2019-06-20,9273.060547
1738,2019-06-21,9525.074219
1739,2019-06-22,10175.923828
1740,2019-06-23,10696.691406
1741,2019-06-24,10853.744141
1742,2019-06-25,11007.202148
1743,2019-06-26,11778.581055
1744,2019-06-27,13017.125
1745,2019-06-28,11162.167969
1746,2019-06-29,12400.763672
1747,2019-06-30,11931.991211
1748,2019-07-01,10796.930664
1749,2019-07-02,10588.683594
1750,2019-07-03,10818.15625
1751,2019-07-04,11972.71875
1752,2019-07-05,11203.102539
1753,2019-07-06,10982.543945
1754,2019-07-07,11217.616211
1755,2019-07-08,11446.59668
1756,2019-07-09,12284.326172
1757,2019-07-10,12571.537109
1758,2019-07-11,12139.713867
1759,2019-07-12,11354.299805
1760,2019-07-13,11813.126953
1761,2019-07-14,11381.020508
1762,2019-07-15,10257.838867
1763,2019-07-16,10896.65332
1764,2019-07-17,9471.213867
1765,2019-07-18,9698.50293
1766,2019-07-19,10653.956055
1767,2019-07-20,10525.819336
1768,2019-07-21,10777.529297
1769,2019-07-22,10596.948242
1770,2019-07-23,10346.748047
1771,2019-07-24,9887.730469
1772,2019-07-25,9809.09668
1773,2019-07-26,9913.126953
1774,2019-07-27,9871.165039
1775,2019-07-28,9491.626953
1776,2019-07-29,9548.178711
1777,2019-07-30,9522.329102
1778,2019-07-31,9604.050781
1779,2019-08-01,10077.442383
1780,2019-08-02,10402.042969
1781,2019-08-03,10519.27832
1782,2019-08-04,10821.632813
1783,2019-08-05,10960.735352
1784,2019-08-06,11811.544922
1785,2019-08-07,11476.193359
1786,2019-08-08,11954.040039
1787,2019-08-09,11953.469727
1788,2019-08-10,11861.556641
1789,2019-08-11,11349.740234
1790,2019-08-12,11528.189453
1791,2019-08-13,11385.052734
1792,2019-08-14,10889.487305
1793,2019-08-15,10038.421875
1794,2019-08-16,10319.419922
1795,2019-08-17,10358.722656
1796,2019-08-18,10233.005859
1797,2019-08-19,10350.283203
1798,2019-08-20,10916.34668
1799,2019-08-21,10764.572266
1800,2019-08-22,10142.521484
1801,2019-08-23,10136.30957
1802,2019-08-24,10407.644531
1803,2019-08-25,10160.737305
1804,2019-08-26,10126.299805
1805,2019-08-27,10372.826172
1806,2019-08-28,10203.426758
1807,2019-08-29,9756.786133
1808,2019-08-30,9514.844727
1809,2019-08-31,9597.539063
1810,2019-09-01,9630.592773
1811,2019-09-02,9757.473633
1812,2019-09-03,10345.725586
1813,2019-09-04,10621.180664
1814,2019-09-05,10588.183594
1815,2019-09-06,10578.198242
1816,2019-09-07,10353.931641
1817,2019-09-08,10518.114258
1818,2019-09-09,10443.228516
1819,2019-09-10,10336.408203
1820,2019-09-11,10123.035156
1821,2019-09-12,10176.819336
1822,2019-09-13,10415.362305
1823,2019-09-14,10345.40332
1824,2019-09-15,10356.46582
1825,2019-09-16,10347.222656
1826,2019-09-17,10281.513672
1827,2019-09-18,10247.795898
1828,2019-09-19,10200.496094
1829,2019-09-20,10266.318359
1830,2019-09-21,10183.648438
1831,2019-09-22,10024.115234
1832,2019-09-23,10067.962891
1833,2019-09-24,9729.321289
1834,2019-09-25,8603.428711
1835,2019-09-26,8487.669922
1836,2019-09-27,8113.101074
1837,2019-09-28,8251.273438
1838,2019-09-29,8246.037109
1839,2019-09-30,8104.226563
1840,2019-10-01,8299.720703
1841,2019-10-02,8344.212891
1842,2019-10-03,8390.774414
1843,2019-10-04,8259.494141
1844,2019-10-05,8210.149414
1845,2019-10-06,8149.876953
1846,2019-10-07,7989.120605
1847,2019-10-08,8246.849609
1848,2019-10-09,8229.84082
1849,2019-10-10,8585.280273
1850,2019-10-11,8585.262695
1851,2019-10-12,8315.665039
1852,2019-10-13,8336.902344
1853,2019-10-14,8320.832031
1854,2019-10-15,8373.458008
1855,2019-10-16,8204.674805
1856,2019-10-17,8047.8125
1857,2019-10-18,8100.933594
1858,2019-10-19,7973.803711
1859,2019-10-20,7997.807129
1860,2019-10-21,8225.115234
1861,2019-10-22,8243.402344
1862,2019-10-23,8076.228516
1863,2019-10-24,7509.728027
1864,2019-10-25,7490.703125
1865,2019-10-26,8667.577148
1866,2019-10-27,9241.707031
1867,2019-10-28,9565.101563
1868,2019-10-29,9248.44043
1869,2019-10-30,9422.462891
1870,2019-10-31,9202.458008
1871,2019-11-01,9193.992188
1872,2019-11-02,9259.783203
1873,2019-11-03,9324.787109
1874,2019-11-04,9235.607422
1875,2019-11-05,9413.004883
1876,2019-11-06,9340.864258
1877,2019-11-07,9352.393555
1878,2019-11-08,9265.368164
1879,2019-11-09,8809.46875
1880,2019-11-10,8812.489258
1881,2019-11-11,9056.917969
1882,2019-11-12,8759.751953
1883,2019-11-13,8812.033203
1884,2019-11-14,8811.936523
1885,2019-11-15,8705.708008
1886,2019-11-16,8491.166016
1887,2019-11-17,8549.470703
1888,2019-11-18,8573.980469
1889,2019-11-19,8305.134766
1890,2019-11-20,8203.613281
1891,2019-11-21,8023.644531
1892,2019-11-22,7643.569336
1893,2019-11-23,7296.164551
1894,2019-11-24,7398.633789
1895,2019-11-25,7039.977051
1896,2019-11-26,7145.15918
1897,2019-11-27,7220.880859
1898,2019-11-28,7536.820313
1899,2019-11-29,7466.727051
1900,2019-11-30,7764.057129
1901,2019-12-01,7571.616211
1902,2019-12-02,7424.036133
1903,2019-12-03,7323.975586
1904,2019-12-04,7320.125
1905,2019-12-05,7253.241699
1906,2019-12-06,7450.561523
1907,2019-12-07,7547.265625
1908,2019-12-08,7551.338867
1909,2019-12-09,7561.79541
1910,2019-12-10,7397.134277
1911,2019-12-11,7277.197754
1912,2019-12-12,7216.73877
1913,2019-12-13,7244.662109
1914,2019-12-14,7268.902832
1915,2019-12-15,7124.239746
1916,2019-12-16,7153.663086
1917,2019-12-17,6931.31543
1918,2019-12-18,6647.698242
1919,2019-12-19,7277.59082
1920,2019-12-20,7208.636719
1921,2019-12-21,7220.59375
1922,2019-12-22,7191.188477
1923,2019-12-23,7508.902344
1924,2019-12-24,7354.393066
1925,2019-12-25,7325.755859
1926,2019-12-26,7274.799316
1927,2019-12-27,7238.141113
1928,2019-12-28,7289.03125
1929,2019-12-29,7317.647461
1930,2019-12-30,7420.272949
1931,2019-12-31,7294.438965
1932,2020-01-01,7194.89209
1933,2020-01-02,7202.55127
1934,2020-01-03,6984.428711
1935,2020-01-04,7345.375488
1936,2020-01-05,7410.45166
1937,2020-01-06,7410.452148
1938,2020-01-07,7768.682129
1939,2020-01-08,8161.935547
1940,2020-01-09,8082.295898
1941,2020-01-10,7878.307617
1942,2020-01-11,8162.190918
1943,2020-01-12,8033.261719
1944,2020-01-13,8189.771973
1945,2020-01-14,8140.933105
1946,2020-01-15,8825.34375
1947,2020-01-16,8812.481445
1948,2020-01-17,8725.209961
1949,2020-01-18,8927.211914
1950,2020-01-19,8941.445313
1951,2020-01-20,8704.631836
1952,2020-01-21,8658.991211
1953,2020-01-22,8744.210938
1954,2020-01-23,8680.650391
1955,2020-01-24,8405.567383
1956,2020-01-25,8440.119141
1957,2020-01-26,8364.410156
1958,2020-01-27,8597.308594
1959,2020-01-28,8912.524414
1960,2020-01-29,9357.470703
1961,2020-01-30,9316.016602
1962,2020-01-31,9508.313477
1963,2020-02-01,9346.357422
1964,2020-02-02,9389.820313
1965,2020-02-03,9344.683594
1966,2020-02-04,9292.841797
1967,2020-02-05,9183.416016
1968,2020-02-06,9617.821289
1969,2020-02-07,9726.00293
1970,2020-02-08,9793.070313
1971,2020-02-09,9863.894531
1972,2020-02-10,10115.55957
1973,2020-02-11,9855.891602
1974,2020-02-12,10202.387695
1975,2020-02-13,10323.960938
1976,2020-02-14,10211.550781
1977,2020-02-15,10313.856445
1978,2020-02-16,9889.179688
1979,2020-02-17,9936.560547
1980,2020-02-18,9691.230469
1981,2020-02-19,10143.798828
1982,2020-02-20,9629.325195
1983,2020-02-21,9611.782227
1984,2020-02-22,9687.707031
1985,2020-02-23,9663.318359
1986,2020-02-24,9921.583008
1987,2020-02-25,9651.3125
1988,2020-02-26,9338.290039
1989,2020-02-27,8825.09375
1990,2020-02-28,8788.728516
1991,2020-02-29,8671.212891
1992,2020-03-01,8599.758789
1993,2020-03-02,8563.264648
1994,2020-03-03,8865.387695
1995,2020-03-04,8788.541992
1996,2020-03-05,8760.285156
1997,2020-03-06,9078.308594
1998,2020-03-07,9121.600586
1999,2020-03-08,8908.206055
2000,2020-03-09,8111.146484
2001,2020-03-10,7922.146973
2002,2020-03-11,7910.089844
2003,2020-03-12,7913.616211
2004,2020-03-13,5017.831055
2005,2020-03-14,5573.077637
2006,2020-03-15,5201.066895
2007,2020-03-16,5385.229492
2008,2020-03-17,5002.578125
2009,2020-03-18,5227.11377
2010,2020-03-19,5245.416504
2011,2020-03-20,6191.653809
2012,2020-03-21,6206.521484
2013,2020-03-22,6185.558105
2014,2020-03-23,5831.374512
2015,2020-03-24,6436.642578
2016,2020-03-25,6738.716797
2017,2020-03-26,6675.170898
2018,2020-03-27,6719.38916
2019,2020-03-28,6467.253906
2020,2020-03-29,6245.624512
2021,2020-03-30,5925.538574
2022,2020-03-31,6430.606445
2023,2020-04-01,6437.319336
2024,2020-04-02,6606.776367
2025,2020-04-03,6797.396484
2026,2020-04-04,6738.382813
2027,2020-04-05,6862.537598
2028,2020-04-06,6788.049805
2029,2020-04-07,7273.644043
2030,2020-04-08,7179.283203
2031,2020-04-09,7337.966309
2032,2020-04-10,7303.81543
2033,2020-04-11,6867.44043
2034,2020-04-12,6858.067871
2035,2020-04-13,6965.616699
2036,2020-04-14,6843.281738
2037,2020-04-15,6845.561523
2038,2020-04-16,6640.454102
2039,2020-04-17,7116.552734
2040,2020-04-18,7092.291504
2041,2020-04-19,7260.922363
2042,2020-04-20,7186.873535
2043,2020-04-21,6879.78418
2044,2020-04-22,6879.44043
2045,2020-04-23,7121.306152
2046,2020-04-24,7434.181641
2047,2020-04-25,7550.48291
2048,2020-04-26,7570.13916
2049,2020-04-27,7679.418945
2050,2020-04-28,7796.970215
2051,2020-04-29,7806.712402
2052,2020-04-30,8797.669922
2053,2020-05-01,8672.782227
2054,2020-05-02,8869.057617
2055,2020-05-03,8983.614258
2056,2020-05-04,8895.745117
2057,2020-05-05,8912.832031
2058,2020-05-06,9007.441406
2059,2020-05-07,9261.895508
2060,2020-05-08,9936.162109
2061,2020-05-09,9840.90625
2062,2020-05-10,9591.168945
2063,2020-05-11,8755.535156
2064,2020-05-12,8610.385742
2065,2020-05-13,8805.387695
2066,2020-05-14,9271.329102
2067,2020-05-15,9734.291016
2068,2020-05-16,9333.240234
2069,2020-05-17,9374.929688
2070,2020-05-18,9675.695313
2071,2020-05-19,9727.063477
2072,2020-05-20,9725.329102
2073,2020-05-21,9522.740234
2074,2020-05-22,9080.334961
2075,2020-05-23,9185.0625
2076,2020-05-24,9212.283203
2077,2020-05-25,8786.107422
2078,2020-05-26,8909.585938
2079,2020-05-27,8837.380859
2080,2020-05-28,9184.945313
2081,2020-05-29,9528.355469
2082,2020-05-30,9438.914063
2083,2020-05-31,9700.105469
2084,2020-06-01,9463.605469
2085,2020-06-02,10162.973633
2086,2020-06-03,9533.760742
2087,2020-06-04,9655.854492
2088,2020-06-05,9800.21582
2089,2020-06-06,9664.904297
2090,2020-06-07,9653.00293
2091,2020-06-08,9760.063477
2092,2020-06-09,9774.360352
2093,2020-06-10,9794.119141
2094,2020-06-11,9870.078125
2095,2020-06-12,9320.69043
2096,2020-06-13,9480.735352
2097,2020-06-14,9477.553711
2098,2020-06-15,9386.035156
2099,2020-06-16,9454.266602
2100,2020-06-17,9533.78418
2101,2020-06-18,9481.567383
2102,2020-06-19,9410.293945
2103,2020-06-20,9290.959961
2104,2020-06-21,9330.926758
2105,2020-06-22,9300.915039
2106,2020-06-23,9644.076172
2107,2020-06-24,9632.149414
2108,2020-06-25,9314.126953
2109,2020-06-26,9260.995117
2110,2020-06-27,9167.824219
2111,2020-06-28,9048.460938
2112,2020-06-29,9140.029297
2113,2020-06-30,9185.581055
2114,2020-07-01,9145.985352
2115,2020-07-02,9231.139648
2116,2020-07-03,9124.842773
2117,2020-07-04,9084.233398
2118,2020-07-05,9126.09082
2119,2020-07-06,9072.849609
2120,2020-07-07,9349.161133
2121,2020-07-08,9253.020508
2122,2020-07-09,9427.994141
2123,2020-07-10,9273.357422
2124,2020-07-11,9277.511719
2125,2020-07-12,9241.054688
2126,2020-07-13,9277.205078
2127,2020-07-14,9238.703125
2128,2020-07-15,9241.897461
2129,2020-07-16,9191.980469
2130,2020-07-17,9131.8125
2131,2020-07-18,9151.183594
2132,2020-07-19,9158.005859
2133,2020-07-20,9187.220703
2134,2020-07-21,9162.514648
2135,2020-07-22,9375.080078
2136,2020-07-23,9527.141602
2137,2020-07-24,9585.514648
2138,2020-07-25,9539.485352
2139,2020-07-26,9680.234375
2140,2020-07-27,9905.217773
2141,2020-07-28,11017.463867
2142,2020-07-29,10912.953125
2143,2020-07-30,11099.833008
2144,2020-07-31,11110.210938
2145,2020-08-01,11322.570313
2146,2020-08-02,11758.764648
2147,2020-08-03,11043.768555
2148,2020-08-04,11246.203125
2149,2020-08-05,11203.823242
2150,2020-08-06,11749.871094
2151,2020-08-07,11778.894531
2152,2020-08-08,11604.553711
2153,2020-08-09,11737.325195
2154,2020-08-10,11662.256836
2155,2020-08-11,11881.647461
2156,2020-08-12,11404.59668
2157,2020-08-13,11588.405273
2158,2020-08-14,11772.65918
2159,2020-08-15,11768.697266
2160,2020-08-16,11866.685547
2161,2020-08-17,11895.658203
2162,2020-08-18,12251.895508
2163,2020-08-19,11990.884766
2164,2020-08-20,11761.5
2165,2020-08-21,11878.026367
2166,2020-08-22,11585.477539
2167,2020-08-23,11679.696289
2168,2020-08-24,11663.689453
2169,2020-08-25,11773.588867
2170,2020-08-26,11366.894531
2171,2020-08-27,11485.608398
2172,2020-08-28,11325.295898
2173,2020-08-29,11541.054688
2174,2020-08-30,11508.713867
2175,2020-08-31,11713.306641
2176,2020-09-01,11679.316406
2177,2020-09-02,11964.823242
2178,2020-09-03,11407.191406
2179,2020-09-04,10230.365234
2180,2020-09-05,10512.530273
2181,2020-09-06,10167.216797
2182,2020-09-07,10280.998047
2183,2020-09-08,10369.306641
2184,2020-09-09,10134.151367
2185,2020-09-10,10242.330078
2186,2020-09-11,10369.02832
2187,2020-09-12,10409.861328
2188,2020-09-13,10452.399414
2189,2020-09-14,10328.734375
2190,2020-09-15,10677.754883
2191,2020-09-16,10797.761719
2192,2020-09-17,10973.251953
2193,2020-09-18,10951.820313
2194,2020-09-19,10933.75293
2195,2020-09-20,11095.870117
2196,2020-09-21,10934.925781
2197,2020-09-22,10459.624023
2198,2020-09-23,10535.492188
2199,2020-09-24,10248.786133
2200,2020-09-25,10761.109375
2201,2020-09-26,10695.575195
2202,2020-09-27,10746.892578
2203,2020-09-28,10776.613281
2204,2020-09-29,10709.650391
2205,2020-09-30,10843.871094
2206,2020-10-01,10795.254883
2207,2020-10-02,10619.821289
2208,2020-10-03,10575.100586
2209,2020-10-04,10550.44043
2210,2020-10-05,10676.529297
2211,2020-10-06,10796.306641
2212,2020-10-07,10603.355469
2213,2020-10-08,10669.371094
2214,2020-10-09,10927.913086
2215,2020-10-10,11059.142578
2216,2020-10-11,11296.082031
2217,2020-10-12,11392.635742
2218,2020-10-13,11548.719727
2219,2020-10-14,11429.047852
2220,2020-10-15,11426.602539
2221,2020-10-16,11502.828125
2222,2020-10-17,11322.123047
2223,2020-10-18,11355.982422
2224,2020-10-19,11495.038086
2225,2020-10-20,11745.974609
2226,2020-10-21,11913.077148
2227,2020-10-22,12801.635742
2228,2020-10-23,12971.548828
2229,2020-10-24,12931.574219
2230,2020-10-25,13108.063477
2231,2020-10-26,13031.201172
2232,2020-10-27,13075.242188
2233,2020-10-28,13654.214844
2234,2020-10-29,13271.298828
2235,2020-10-30,13437.874023
2236,2020-10-31,13546.532227
2237,2020-11-01,13780.995117
2238,2020-11-02,13737.032227
2239,2020-11-03,13550.451172
2240,2020-11-04,13950.488281
2241,2020-11-05,14133.733398
2242,2020-11-06,15579.729492
2243,2020-11-07,15565.880859
2244,2020-11-08,14833.753906
2245,2020-11-09,15479.595703
2246,2020-11-10,15332.350586
2247,2020-11-11,15290.90918
2248,2020-11-12,15701.298828
2249,2020-11-13,16276.44043
2250,2020-11-14,16317.808594
2251,2020-11-15,16068.139648
2252,2020-11-16,15955.577148
2253,2020-11-17,16685.691406
2254,2020-11-18,17645.191406
2255,2020-11-19,17803.861328
2256,2020-11-20,17817.083984
2257,2020-11-21,18621.316406
2258,2020-11-22,18642.232422
2259,2020-11-23,18370.017578
2260,2020-11-24,18365.015625
2261,2020-11-25,19104.410156
2262,2020-11-26,18729.839844
2263,2020-11-27,17153.914063
2264,2020-11-28,17112.933594
2265,2020-11-29,17719.634766
2266,2020-11-30,18178.322266
2267,2020-12-01,19633.769531
2268,2020-12-02,18801.744141
2269,2020-12-03,19205.925781
2270,2020-12-04,19446.966797
2271,2020-12-05,18698.384766
2272,2020-12-06,19154.179688
2273,2020-12-07,19343.128906
2274,2020-12-08,19191.529297
2275,2020-12-09,18320.884766
2276,2020-12-10,18553.298828
2277,2020-12-11,18263.929688
2278,2020-12-12,18051.320313
2279,2020-12-13,18806.765625
2280,2020-12-14,19144.492188
2281,2020-12-15,19246.919922
2282,2020-12-16,19418.818359
2283,2020-12-17,21308.351563
2284,2020-12-18,22806.796875
2285,2020-12-19,23132.865234
2286,2020-12-20,23861.765625
2287,2020-12-21,23474.455078
2288,2020-12-22,22794.039063
2289,2020-12-23,23781.974609
2290,2020-12-24,23240.203125
2291,2020-12-25,23733.570313
2292,2020-12-26,24677.015625
2293,2020-12-27,26439.373047
2294,2020-12-28,26280.822266
2295,2020-12-29,27081.810547
2296,2020-12-30,27360.089844
2297,2020-12-31,28841.574219
2298,2021-01-01,28994.009766
2299,2021-01-02,29376.455078
2300,2021-01-03,32129.408203
2301,2021-01-04,32810.949219
2302,2021-01-05,31977.041016
2303,2021-01-06,34013.613281
2304,2021-01-07,36833.875
2305,2021-01-08,39381.765625
2306,2021-01-09,40788.640625
2307,2021-01-10,40254.21875
2308,2021-01-11,38346.53125
2309,2021-01-12,35516.359375
2310,2021-01-13,33915.121094
2311,2021-01-14,37325.109375
2312,2021-01-15,39156.707031
2313,2021-01-16,36821.648438
2314,2021-01-17,36163.648438
2315,2021-01-18,35792.238281
2316,2021-01-19,36642.234375
2317,2021-01-20,36050.113281
2318,2021-01-21,35549.398438
2319,2021-01-22,30817.625
2320,2021-01-23,32985.757813
2321,2021-01-24,32064.376953
2322,2021-01-25,32285.798828
2323,2021-01-26,32358.613281
2324,2021-01-27,32564.029297
2325,2021-01-28,30441.041016
2326,2021-01-29,34318.671875
2327,2021-01-30,34295.933594
2328,2021-01-31,34270.878906
2329,2021-02-01,33114.578125
2330,2021-02-02,33533.199219
2331,2021-02-03,35510.820313
2332,2021-02-04,37475.105469
2333,2021-02-05,36931.546875
2334,2021-02-06,38138.386719
2335,2021-02-07,39250.191406
2336,2021-02-08,38886.828125
2337,2021-02-09,46184.992188
2338,2021-02-10,46469.761719
2339,2021-02-11,44898.710938
2340,2021-02-12,47877.035156
2341,2021-02-13,47491.203125
2342,2021-02-14,47114.507813
2343,2021-02-15,48696.535156
2344,2021-02-16,47944.457031
2345,2021-02-17,49207.277344
2346,2021-02-18,52140.972656
2347,2021-02-19,51675.980469
2348,2021-02-20,55887.335938
2349,2021-02-21,56068.566406
2350,2021-02-22,57532.738281
2351,2021-02-23,54204.929688
2352,2021-02-24,48835.085938
2353,2021-02-25,49709.082031
2354,2021-02-26,47180.464844
2355,2021-02-27,46344.773438
2356,2021-02-28,46194.015625
2357,2021-03-01,45159.503906
2358,2021-03-02,49612.105469
2359,2021-03-03,48415.816406
2360,2021-03-04,50522.304688
2361,2021-03-05,48527.03125
2362,2021-03-06,48899.230469
2363,2021-03-07,48918.679688
2364,2021-03-08,51174.117188
2365,2021-03-09,52272.96875
2366,2021-03-10,54824.011719
2367,2021-03-11,55963.179688
2368,2021-03-12,57821.21875
2369,2021-03-13,57343.371094
2370,2021-03-14,61221.132813
2371,2021-03-15,59267.429688
2372,2021-03-16,55840.785156
2373,2021-03-17,56825.828125
2374,2021-03-18,58893.078125
2375,2021-03-19,57850.441406
2376,2021-03-20,58332.261719
2377,2021-03-21,58309.914063
2378,2021-03-22,57517.890625
2379,2021-03-23,54511.660156
2380,2021-03-24,54710.488281
2381,2021-03-25,52726.746094
2382,2021-03-26,51683.011719
2383,2021-03-27,55137.566406
2384,2021-03-28,55974.941406
2385,2021-03-29,55947.898438
2386,2021-03-30,57750.132813
2387,2021-03-31,58930.277344
2388,2021-04-01,58926.5625
2389,2021-04-02,59098.878906
2390,2021-04-03,59397.410156
2391,2021-04-04,57604.839844
2392,2021-04-05,58760.875
2393,2021-04-06,59171.933594
2394,2021-04-07,58186.507813
2395,2021-04-08,56099.914063
2396,2021-04-09,58326.5625
2397,2021-04-10,58253.777344
2398,2021-04-11,59846.230469
2399,2021-04-12,60175.945313
2400,2021-04-13,59890.019531
2401,2021-04-14,63523.753906
2402,2021-04-15,63075.195313
2403,2021-04-16,63258.503906
2404,2021-04-17,61529.921875
2405,2021-04-18,60701.886719
2406,2021-04-19,56191.585938
2407,2021-04-20,55681.792969
2408,2021-04-21,56471.128906
2409,2021-04-22,53857.105469
2410,2021-04-23,51739.808594
2411,2021-04-24,51143.226563
2412,2021-04-25,50052.832031
2413,2021-04-26,49077.792969
2414,2021-04-27,54030.304688
2415,2021-04-28,55036.636719
2416,2021-04-29,54858.089844
2417,2021-04-30,53568.664063
2418,2021-05-01,57714.664063
2419,2021-05-02,57825.863281
2420,2021-05-03,56620.273438
2421,2021-05-04,57214.179688
2422,2021-05-05,53252.164063
2423,2021-05-06,57441.308594
2424,2021-05-07,56413.953125
2425,2021-05-08,57352.765625
2426,2021-05-09,58877.390625
2427,2021-05-10,58250.871094
2428,2021-05-11,55847.242188
2429,2021-05-12,56714.53125
2430,2021-05-13,49735.433594
2431,2021-05-14,49682.980469
2432,2021-05-15,49855.496094
2433,2021-05-16,46716.636719
2434,2021-05-17,46415.898438
2435,2021-05-18,43488.058594
2436,2021-05-19,42944.976563
2437,2021-05-20,36753.667969
2438,2021-05-21,40596.949219
2439,2021-05-22,37371.03125
2440,2021-05-23,37531.449219
2441,2021-05-24,34700.363281
2442,2021-05-25,38795.78125
2443,2021-05-26,38392.625
2444,2021-05-27,39316.890625
2445,2021-05-28,38507.082031
2446,2021-05-29,35684.15625
2447,2021-05-30,34607.40625
2448,2021-05-31,35658.59375
2449,2021-06-01,37293.792969
2450,2021-06-02,36699.921875
2451,2021-06-03,37599.410156
2452,2021-06-04,39242.484375
2453,2021-06-05,36880.15625
2454,2021-06-06,35538.609375
2455,2021-06-07,35835.265625
2456,2021-06-08,33589.519531
2457,2021-06-09,33416.976563
2458,2021-06-10,37389.515625
2459,2021-06-11,36697.03125
2460,2021-06-12,37340.144531
2461,2021-06-13,35555.789063
2462,2021-06-14,39016.96875
2463,2021-06-15,40427.167969
2464,2021-06-16,40168.691406
2465,2021-06-17,38341.421875
2466,2021-06-18,38099.476563
2467,2021-06-19,35854.527344
2468,2021-06-20,35563.140625
2469,2021-06-21,35641.144531
2470,2021-06-22,31622.376953
2471,2021-06-23,32515.714844
2472,2021-06-24,33682.800781
2473,2021-06-25,34659.105469
2474,2021-06-26,31594.664063
2475,2021-06-27,32287.523438
2476,2021-06-28,34679.121094
2477,2021-06-29,34475.558594
2478,2021-06-30,35908.386719
2479,2021-07-01,35035.984375
2480,2021-07-02,33549.601563
2481,2021-07-03,33854.421875
2482,2021-07-04,34665.566406
2483,2021-07-05,35284.34375
2484,2021-07-06,33723.507813
2485,2021-07-07,34225.679688
2486,2021-07-08,33889.605469
2487,2021-07-09,32861.671875
2488,2021-07-10,33811.242188
2489,2021-07-11,33509.078125
2490,2021-07-12,34254.015625
2491,2021-07-13,33125.46875
2492,2021-07-14,32723.845703
2493,2021-07-15,32827.875
2494,2021-07-16,31841.550781
2495,2021-07-17,31397.308594
2496,2021-07-18,31533.884766
2497,2021-07-19,31800.011719
2498,2021-07-20,30838.285156
2499,2021-07-21,29796.285156
2500,2021-07-22,32138.873047
2501,2021-07-23,32305.958984
2502,2021-07-24,33593.730469
2503,2021-07-25,34290.292969
2504,2021-07-26,35384.03125
2505,2021-07-27,37276.035156
2506,2021-07-28,39503.1875
2507,2021-07-29,39995.453125
2508,2021-07-30,40027.484375
2509,2021-07-31,42196.304688
2510,2021-08-01,41460.84375
2511,2021-08-02,39907.261719
2512,2021-08-03,39178.402344
2513,2021-08-04,38213.332031
2514,2021-08-05,39744.515625
2515,2021-08-06,40865.867188
2516,2021-08-07,42832.796875
2517,2021-08-08,44574.4375
2518,2021-08-09,43791.925781
2519,2021-08-10,46280.847656
2520,2021-08-11,45599.703125
2521,2021-08-12,45576.878906
2522,2021-08-13,44439.691406
2523,2021-08-14,47810.6875
2524,2021-08-15,47096.667969
2525,2021-08-16,47019.960938
2526,2021-08-17,45936.457031
2527,2021-08-18,44686.75
2528,2021-08-19,44741.882813
2529,2021-08-20,46723.121094
2530,2021-08-21,49327.074219
2531,2021-08-22,48869.105469
2532,2021-08-23,49291.675781
2533,2021-08-24,49562.347656
2534,2021-08-25,47727.257813
2535,2021-08-26,49002.640625
2536,2021-08-27,46894.554688
2537,2021-08-28,49072.585938
2538,2021-08-29,48911.25
2539,2021-08-30,48834.851563
2540,2021-08-31,47024.339844
2541,2021-09-01,47099.773438
2542,2021-09-02,48807.847656
2543,2021-09-03,49288.25
2544,2021-09-04,50009.324219
2545,2021-09-05,49937.859375
2546,2021-09-06,51769.003906
2547,2021-09-07,52660.480469
2548,2021-09-08,46827.761719
2549,2021-09-09,45774.742188
2550,2021-09-10,46396.664063
2551,2021-09-11,44869.839844
2552,2021-09-12,45206.628906
2553,2021-09-13,46057.214844
2554,2021-09-14,44960.050781
2555,2021-09-15,47098.0
2556,2021-09-16,48158.90625
2557,2021-09-17,47771.003906
2558,2021-09-18,47273.527344
2559,2021-09-19,48268.855469
2560,2021-09-20,47261.40625
2561,2021-09-21,43012.234375
2562,2021-09-22,40677.953125
2563,2021-09-23,43560.296875
2564,2021-09-24,44894.300781
2565,2021-09-25,42840.890625
2566,2021-09-26,42721.628906
2567,2021-09-27,43234.183594
2568,2021-09-28,42200.898438
2569,2021-09-29,41064.984375
2570,2021-09-30,41551.269531
2571,2021-10-01,43816.742188
2572,2021-10-02,48137.46875
2573,2021-10-03,47680.027344
2574,2021-10-04,48208.90625
2575,2021-10-05,49174.960938
2576,2021-10-06,51486.664063
2577,2021-10-07,55338.625
2578,2021-10-08,53802.144531
2579,2021-10-09,53929.78125
2580,2021-10-10,54952.820313
2581,2021-10-11,54734.125
2582,2021-10-12,57526.832031
2583,2021-10-13,56038.257813
2584,2021-10-14,57372.832031
2585,2021-10-15,57345.902344
2586,2021-10-16,61609.527344
2587,2021-10-17,60887.652344
2588,2021-10-18,61548.804688
2589,2021-10-19,62043.164063
2590,2021-10-20,64284.585938
2591,2021-10-21,66002.234375
2592,2021-10-22,62237.890625
2593,2021-10-23,60694.628906
2594,2021-10-24,61368.34375
2595,2021-10-25,60893.925781
2596,2021-10-26,63032.761719
2597,2021-10-27,60352.0
2598,2021-10-28,58470.730469
2599,2021-10-29,60624.871094
2600,2021-10-30,62239.363281
2601,2021-10-31,61850.488281
2602,2021-11-01,61320.449219
2603,2021-11-02,60963.253906
2604,2021-11-03,63254.335938
2605,2021-11-04,62941.804688
2606,2021-11-05,61460.078125
2607,2021-11-06,61068.875
2608,2021-11-07,61554.921875
2609,2021-11-08,63344.066406
2610,2021-11-09,67549.734375
2611,2021-11-10,66953.335938
2612,2021-11-11,64978.890625
2613,2021-11-12,64863.980469
2614,2021-11-13,64158.121094
2615,2021-11-14,64455.371094
2616,2021-11-15,65521.289063
2617,2021-11-16,63721.195313
2618,2021-11-17,60139.621094
2619,2021-11-18,60360.136719
2620,2021-11-19,56896.128906
2621,2021-11-20,58115.082031
2622,2021-11-21,59730.507813
2623,2021-11-22,58706.847656
2624,2021-11-23,56304.554688
2625,2021-11-24,57565.851563
2626,2021-11-25,57165.417969
2627,2021-11-26,58960.285156
2628,2021-11-27,53736.429688
2629,2021-11-28,54813.023438
2630,2021-11-29,57291.90625
2631,2021-11-30,57830.113281
2632,2021-12-01,56907.964844
2633,2021-12-02,57217.371094
2634,2021-12-03,56509.164063
2635,2021-12-04,53727.878906
2636,2021-12-05,49201.519531
2637,2021-12-06,49413.480469
2638,2021-12-07,50581.828125
2639,2021-12-08,50667.648438
2640,2021-12-09,50450.082031
2641,2021-12-10,47642.144531
2642,2021-12-11,47264.632813
2643,2021-12-12,49354.855469
2644,2021-12-13,50114.742188
2645,2021-12-14,46709.824219
2646,2021-12-15,48379.753906
2647,2021-12-16,48900.464844
2648,2021-12-17,47653.730469
2649,2021-12-18,46219.253906
2650,2021-12-19,46853.867188
2651,2021-12-20,46707.0625
2652,2021-12-21,46886.078125
2653,2021-12-22,48937.097656
2654,2021-12-23,48626.34375
2655,2021-12-24,50806.050781
2656,2021-12-25,50854.917969
2657,2021-12-26,50428.691406
2658,2021-12-27,50802.609375
2659,2021-12-28,50679.859375
2660,2021-12-29,47623.871094
2661,2021-12-30,46490.605469
2662,2021-12-31,47169.371094
2663,2022-01-01,46311.746094
2664,2022-01-02,47680.925781
2665,2022-01-03,47343.542969
2666,2022-01-04,46458.851563
2667,2022-01-05,45899.359375
2668,2022-01-06,43565.511719
2669,2022-01-07,43153.570313
2670,2022-01-08,41561.464844
2671,2022-01-09,41734.726563
2672,2022-01-10,41910.230469
2673,2022-01-11,41819.507813
2674,2022-01-12,42742.179688
2675,2022-01-13,43946.742188
2676,2022-01-14,42598.871094
2677,2022-01-15,43101.898438
2678,2022-01-16,43172.039063
2679,2022-01-17,43118.121094
2680,2022-01-18,42250.074219
2681,2022-01-19,42374.039063
2682,2022-01-20,41744.027344
2683,2022-01-21,40699.605469
2684,2022-01-22,36471.589844
2685,2022-01-23,35047.359375
2686,2022-01-24,36275.734375
2687,2022-01-25,36654.804688
2688,2022-01-26,36950.515625
2689,2022-01-27,36841.878906
2690,2022-01-28,37128.445313
2691,2022-01-29,37780.714844
2692,2022-01-30,38151.917969
2693,2022-01-31,37920.28125
2694,2022-02-01,38481.765625
2695,2022-02-02,38743.714844
2696,2022-02-03,36944.804688
2697,2022-02-04,37149.265625
2698,2022-02-05,41501.480469
2699,2022-02-06,41441.121094
2700,2022-02-07,42406.78125
2701,2022-02-08,43854.652344
2702,2022-02-09,44096.703125
2703,2022-02-10,44347.800781
2704,2022-02-11,43571.128906
2705,2022-02-12,42412.300781
2706,2022-02-13,42236.566406
2707,2022-02-14,42157.398438
2708,2022-02-15,42586.464844
2709,2022-02-16,44578.277344
2710,2022-02-17,43937.070313
2711,2022-02-18,40552.132813
2712,2022-02-19,40026.023438
2713,2022-02-20,40118.101563
2714,2022-02-21,38423.210938
2715,2022-02-22,37068.769531
2716,2022-02-23,38285.28125
2717,2022-02-24,37278.566406
2718,2022-02-25,38333.746094
2719,2022-02-26,39213.082031
2720,2022-02-27,39098.699219
2721,2022-02-28,37706.0
2722,2022-03-01,43194.503906
2723,2022-03-02,44357.617188
2724,2022-03-03,43925.195313
2725,2022-03-04,42458.140625
2726,2022-03-05,39148.449219
2727,2022-03-06,39404.199219
2728,2022-03-07,38429.304688
2729,2022-03-08,38059.902344
2730,2022-03-09,38742.816406
2731,2022-03-10,41974.070313
2732,2022-03-11,39439.96875
2733,2022-03-12,38794.464844
2734,2022-03-13,38884.726563
2735,2022-03-14,37846.316406
2736,2022-03-15,39664.25
2737,2022-03-16,39335.570313
2738,2022-03-17,41140.84375
2739,2022-03-18,40944.839844
2740,2022-03-19,41794.648438
2741,2022-03-20,42191.40625
2742,2022-03-21,41246.132813
2743,2022-03-22,41074.105469
2744,2022-03-23,42364.378906
2745,2022-03-24,42886.652344
2746,2022-03-25,43964.546875
2747,2022-03-26,44349.859375
2748,2022-03-27,44505.355469
2749,2022-03-28,46821.851563
2750,2022-03-29,47100.4375
2751,2022-03-30,47456.898438
2752,2022-03-31,47062.148438
2753,2022-04-01,45554.164063
2754,2022-04-02,46285.5
2755,2022-04-03,45859.128906
2756,2022-04-04,46445.273438
2757,2022-04-05,46624.507813
2758,2022-04-06,45544.355469
2759,2022-04-07,43207.5
2760,2022-04-08,43505.136719
2761,2022-04-09,42282.078125
2762,2022-04-10,42781.089844
2763,2022-04-11,42201.039063
2764,2022-04-12,39533.714844
2765,2022-04-13,40123.570313
2766,2022-04-14,41160.21875
2767,2022-04-15,39939.402344
2768,2022-04-16,40552.316406
2769,2022-04-17,40417.777344
2770,2022-04-18,39721.203125
2771,2022-04-19,40828.175781
2772,2022-04-20,41501.746094
2773,2022-04-21,41371.515625
2774,2022-04-22,40525.863281
2775,2022-04-23,39738.722656
2776,2022-04-24,39478.375
2777,2022-04-25,39472.605469
2778,2022-04-26,40448.421875
2779,2022-04-27,38120.300781
2780,2022-04-28,39241.429688
2781,2022-04-29,39768.617188
2782,2022-04-30,38605.859375
2783,2022-05-01,37713.265625
2784,2022-05-02,38472.1875
2785,2022-05-03,38528.109375
2786,2022-05-04,37748.011719
2787,2022-05-05,39695.746094
2788,2022-05-06,36573.183594
2789,2022-05-07,36042.503906
2790,2022-05-08,35502.941406
2791,2022-05-09,34060.015625
2792,2022-05-10,30273.654297
2793,2022-05-11,31016.183594
2794,2022-05-12,28936.734375
2795,2022-05-13,29030.910156
2796,2022-05-14,29285.642578
2797,2022-05-15,30098.585938
2798,2022-05-16,31304.375
2799,2022-05-17,29862.408203
2800,2022-05-18,30424.478516
2801,2022-05-19,28720.359375
2802,2022-05-20,30311.119141
2803,2022-05-21,29199.859375
2804,2022-05-22,29432.472656
2805,2022-05-23,30309.396484
2806,2022-05-24,29101.125
2807,2022-05-25,29653.134766
2808,2022-05-26,29564.777344
2809,2022-05-27,29251.140625
2810,2022-05-28,28622.625
2811,2022-05-29,29019.867188
2812,2022-05-30,29443.365234
2813,2022-05-31,31723.865234
2814,2022-06-01,31792.554688
2815,2022-06-02,29794.890625
2816,2022-06-03,30467.806641
2817,2022-06-04,29706.138672
2818,2022-06-05,29835.117188
2819,2022-06-06,29910.283203
2820,2022-06-07,31371.742188
2821,2022-06-08,31151.480469
2822,2022-06-09,30215.279297
2823,2022-06-10,30110.330078
2824,2022-06-11,29084.666016
2825,2022-06-12,28373.513672
2826,2022-06-13,26737.578125
2827,2022-06-14,22487.986328
2828,2022-06-15,22196.730469
2829,2022-06-16,22576.304688
2830,2022-06-17,20385.71875
2831,2022-06-18,20473.425781
2832,2022-06-19,19010.902344
2833,2022-06-20,20553.371094
2834,2022-06-21,20594.294922
2835,2022-06-22,20719.414063
2836,2022-06-23,19986.607422
2837,2022-06-24,21084.648438
2838,2022-06-25,21233.609375
2839,2022-06-26,21496.494141
2840,2022-06-27,21028.238281
2841,2022-06-28,20731.544922
2842,2022-06-29,20281.169922
2843,2022-06-30,20108.3125
2844,2022-07-01,19820.470703
2845,2022-07-02,19274.835938
2846,2022-07-03,19242.095703
2847,2022-07-04,19297.314453
2848,2022-07-05,20225.353516
2849,2022-07-06,20194.619141
2850,2022-07-07,20547.814453
2851,2022-07-08,21637.154297
2852,2022-07-09,21716.828125
2853,2022-07-10,21591.080078
2854,2022-07-11,20856.353516
2855,2022-07-12,19970.474609
2856,2022-07-13,19325.972656
2857,2022-07-14,20211.466797
2858,2022-07-15,20573.15625
2859,2022-07-16,20834.103516
2860,2022-07-17,21195.041016
2861,2022-07-18,20781.912109
2862,2022-07-19,22467.849609
2863,2022-07-20,23393.191406
2864,2022-07-21,23233.201172
2865,2022-07-22,23163.751953
2866,2022-07-23,22706.984375
2867,2022-07-24,22465.509766
2868,2022-07-25,22607.15625
2869,2022-07-26,21361.121094
2870,2022-07-27,21244.169922
2871,2022-07-28,22933.640625
2872,2022-07-29,23845.212891
2873,2022-07-30,23796.818359
2874,2022-07-31,23652.070313
2875,2022-08-01,23336.71875
2876,2022-08-02,23308.433594
2877,2022-08-03,22981.302734
2878,2022-08-04,22848.214844
2879,2022-08-05,22626.833984
2880,2022-08-06,23291.423828
2881,2022-08-07,22963.505859
2882,2022-08-08,23179.527344
2883,2022-08-09,23811.484375
2884,2022-08-10,23162.898438
2885,2022-08-11,23948.345703
2886,2022-08-12,23957.203125
2887,2022-08-13,24402.1875
2888,2022-08-14,24429.056641
2889,2022-08-15,24318.316406
2890,2022-08-16,24126.136719
2891,2022-08-17,23881.316406
2892,2022-08-18,23341.039063
2893,2022-08-19,23213.3125
2894,2022-08-20,20872.841797
2895,2022-08-21,21160.392578
2896,2022-08-22,21531.462891
2897,2022-08-23,21401.044922
2898,2022-08-24,21526.455078
2899,2022-08-25,21395.458984
2900,2022-08-26,21596.085938
2901,2022-08-27,20262.480469
2902,2022-08-28,20041.035156
2903,2022-08-29,19615.154297
2904,2022-08-30,20298.611328
2905,2022-08-31,19799.582031
2906,2022-09-01,20050.498047
2907,2022-09-02,20126.072266
2908,2022-09-03,19969.71875
2909,2022-09-04,19832.470703
2910,2022-09-05,19988.789063
2911,2022-09-06,19817.724609
2912,2022-09-07,18837.683594
2913,2022-09-08,19289.941406
2914,2022-09-09,19328.140625
2915,2022-09-10,21376.912109
2916,2022-09-11,21678.542969
2917,2022-09-12,21770.148438
2918,2022-09-13,22371.480469
2919,2022-09-14,20184.554688
2920,2022-09-15,20242.289063
2921,2022-09-16,19704.005859
2922,2022-09-17,19777.033203
2923,2022-09-18,20127.234375
2924,2022-09-19,19418.572266
2925,2022-09-20,19545.591797
2926,2022-09-21,18891.283203
2927,2022-09-22,18534.650391
2928,2022-09-23,19412.400391
2929,2022-09-24,19296.990234
2930,2022-09-25,18936.310547
2931,2022-09-26,18803.900391
2932,2022-09-27,19221.839844
2933,2022-09-28,19104.621094
2934,2022-09-29,19427.779297
2935,2022-09-30,19573.431641
2936,2022-10-01,19431.105469
2937,2022-10-02,19311.849609
2938,2022-10-03,19044.068359
2939,2022-10-04,19623.583984
2940,2022-10-05,20335.900391
2941,2022-10-06,20161.039063
2942,2022-10-07,19957.558594
2943,2022-10-08,19546.328125
2944,2022-10-09,19417.478516
2945,2022-10-10,19446.416016
2946,2022-10-11,19139.0
2947,2022-10-12,19052.646484
2948,2022-10-13,19156.966797
2949,2022-10-14,19382.533203
2950,2022-10-15,19185.4375
2951,2022-10-16,19068.914063
2952,2022-10-17,19268.5625
2953,2022-10-18,19550.466797
2954,2022-10-19,19335.027344
2955,2022-10-20,19138.085938
2956,2022-10-21,19053.203125
2957,2022-10-22,19172.380859
2958,2022-10-23,19207.734375
2959,2022-10-24,19567.769531
2960,2022-10-25,19344.964844
2961,2022-10-26,20092.236328
2962,2022-10-27,20772.802734
2963,2022-10-28,20287.957031
2964,2022-10-29,20595.103516
2965,2022-10-30,20817.982422
2966,2022-10-31,20633.695313
2967,2022-11-01,20494.898438
2968,2022-11-02,20482.958984
2969,2022-11-03,20162.689453
2970,2022-11-04,20208.769531
2971,2022-11-05,21144.832031
2972,2022-11-06,21285.056641
2973,2022-11-07,20924.621094
2974,2022-11-08,20600.671875
2975,2022-11-09,18543.761719
2976,2022-11-10,15883.158203
2977,2022-11-11,17583.251953
2978,2022-11-12,17036.875
2979,2022-11-13,16799.722656
2980,2022-11-14,16352.02832
2981,2022-11-15,16617.484375
2982,2022-11-16,16884.341797
2983,2022-11-17,16670.425781
2984,2022-11-18,16687.912109
2985,2022-11-19,16696.220703
2986,2022-11-20,16712.919922
2987,2022-11-21,16291.223633
2988,2022-11-22,15782.300781
2989,2022-11-23,16195.588867
2990,2022-11-24,16611.636719
2991,2022-11-25,16602.269531
2992,2022-11-26,16521.576172
2993,2022-11-27,16463.882813
2994,2022-11-28,16440.222656
2995,2022-11-29,16217.639648
2996,2022-11-30,16445.476563
2997,2022-12-01,17168.001953
2998,2022-12-02,16968.683594
2999,2022-12-03,17090.097656
3000,2022-12-04,16908.169922
3001,2022-12-05,17128.894531
3002,2022-12-06,16975.238281
3003,2022-12-07,17089.505859
3004,2022-12-08,16847.349609
3005,2022-12-09,17232.148438
3006,2022-12-10,17134.220703
3007,2022-12-11,17129.710938
3008,2022-12-12,17102.5
3009,2022-12-13,17206.441406
3010,2022-12-14,17782.066406
3011,2022-12-15,17813.644531
3012,2022-12-16,17364.546875
3013,2022-12-17,16646.982422
3014,2022-12-18,16795.609375
3015,2022-12-19,16759.041016
3016,2022-12-20,16441.787109
3017,2022-12-21,16904.527344
3018,2022-12-22,16818.380859
3019,2022-12-23,16829.644531
3020,2022-12-24,16796.976563
3021,2022-12-25,16847.505859
3022,2022-12-26,16842.25
3023,2022-12-27,16919.291016
3024,2022-12-28,16716.400391
3025,2022-12-29,16552.322266
3026,2022-12-30,16641.330078
3027,2022-12-31,16603.673828
3028,2023-01-01,16547.914063
3029,2023-01-02,16625.509766
3030,2023-01-03,16688.847656
3031,2023-01-04,16680.205078
3032,2023-01-05,16863.472656
3033,2023-01-06,16836.472656
3034,2023-01-07,16952.117188
3035,2023-01-08,16954.146484
3036,2023-01-09,17093.992188
3037,2023-01-10,17192.949219
3038,2023-01-11,17446.359375
3039,2023-01-12,18117.59375
3040,2023-01-13,18868.90625
3041,2023-01-14,19910.537109
3042,2023-01-15,20977.484375
3043,2023-01-16,20882.224609
3044,2023-01-17,21175.833984
3045,2023-01-18,21161.050781
3046,2023-01-19,20686.746094
3047,2023-01-20,21085.373047
3048,2023-01-21,22677.427734
3049,2023-01-22,22777.986328
3050,2023-01-23,22721.087891
3051,2023-01-24,22929.626953
3052,2023-01-25,22639.267578
3053,2023-01-26,23108.955078
3054,2023-01-27,23030.716797
3055,2023-01-28,23079.964844
3056,2023-01-29,23031.449219
3057,2023-01-30,23774.648438
3058,2023-01-31,22840.796875
3059,2023-02-01,23137.835938
3060,2023-02-02,23720.824219
3061,2023-02-03,23469.412109
3062,2023-02-04,23446.320313
3063,2023-02-05,23332.248047
3064,2023-02-06,22954.021484
3065,2023-02-07,22757.267578
3066,2023-02-08,23263.416016
3067,2023-02-09,22946.566406
3068,2023-02-10,21819.005859
3069,2023-02-11,21651.841797
3070,2023-02-12,21870.902344
3071,2023-02-13,21787.0
3072,2023-02-14,21801.822266
3073,2023-02-15,22220.585938
3074,2023-02-16,24307.349609
3075,2023-02-17,23621.283203
3076,2023-02-18,24565.296875
3077,2023-02-19,24640.027344
3078,2023-02-20,24336.623047
3079,2023-02-21,24833.048828
3080,2023-02-22,24437.417969
3081,2023-02-23,24190.71875
3082,2023-02-24,23946.007813
3083,2023-02-25,23200.125
3084,2023-02-26,23174.150391
3085,2023-02-27,23561.451172
3086,2023-02-28,23521.837891
3087,2023-03-01,23150.929688
3088,2023-03-02,23647.019531
3089,2023-03-03,23476.632813
3090,2023-03-04,22362.923828
3091,2023-03-05,22354.144531
3092,2023-03-06,22436.816406
3093,2023-03-07,22428.322266
3094,2023-03-08,22216.441406
3095,2023-03-09,21720.080078
3096,2023-03-10,20367.001953
3097,2023-03-11,20187.876953
3098,2023-03-12,20628.029297
3099,2023-03-13,22156.40625
3100,2023-03-14,24201.765625
3101,2023-03-15,24770.925781
3102,2023-03-16,24373.457031
3103,2023-03-17,25055.123047
3104,2023-03-18,27448.117188
3105,2023-03-19,26969.503906
3106,2023-03-20,28041.601563
3107,2023-03-21,27768.392578
3108,2023-03-22,28158.720703
3109,2023-03-23,27301.957031
3110,2023-03-24,28324.111328
3111,2023-03-25,27487.337891
3112,2023-03-26,27495.523438
3113,2023-03-27,27994.068359
3114,2023-03-28,27132.888672
3115,2023-03-29,27267.03125
3116,2023-03-30,28350.140625
3117,2023-03-31,28032.261719
3118,2023-04-01,28473.332031
3119,2023-04-02,28462.845703
3120,2023-04-03,28183.080078
3121,2023-04-04,27795.273438
3122,2023-04-05,28169.726563
3123,2023-04-06,28175.226563
3124,2023-04-07,28038.966797
3125,2023-04-08,27920.513672
3126,2023-04-09,27952.367188
3127,2023-04-10,28336.027344
3128,2023-04-11,29653.679688
3129,2023-04-12,30231.582031
3130,2023-04-13,29892.740234
3131,2023-04-14,30409.5625
3132,2023-04-15,30490.75
3133,2023-04-16,30315.976563
3134,2023-04-17,30317.146484
3135,2023-04-18,29449.091797
3136,2023-04-19,30394.1875
3137,2023-04-20,28823.683594
3138,2023-04-21,28249.230469
3139,2023-04-22,27265.894531
3140,2023-04-23,27816.144531
3141,2023-04-24,27591.730469
3142,2023-04-25,27514.873047
3143,2023-04-26,28300.058594
3144,2023-04-27,28428.464844
3145,2023-04-28,29481.013672
3146,2023-04-29,29336.566406
3147,2023-04-30,29245.515625
3148,2023-05-01,29227.103516
3149,2023-05-02,28087.175781
3150,2023-05-03,28680.494141
3151,2023-05-04,29031.304688
3152,2023-05-05,28851.480469
3153,2023-05-06,29538.859375
3154,2023-05-07,28901.623047
3155,2023-05-08,28450.457031
3156,2023-05-09,27695.068359
3157,2023-05-10,27654.636719
3158,2023-05-11,27621.085938
3159,2023-05-12,26987.662109
3160,2023-05-13,26807.769531
3161,2023-05-14,26788.974609
3162,2023-05-15,26931.384766
3163,2023-05-16,27171.513672
3164,2023-05-17,27035.470703
3165,2023-05-18,27401.650391
3166,2023-05-19,26826.753906
3167,2023-05-20,26888.841797
3168,2023-05-21,27118.423828
3169,2023-05-22,26749.892578
3170,2023-05-23,26855.960938
3171,2023-05-24,27224.603516
3172,2023-05-25,26329.460938
3173,2023-05-26,26474.181641
3174,2023-05-27,26720.181641
3175,2023-05-28,26871.158203
3176,2023-05-29,28075.591797
3177,2023-05-30,27745.123047
3178,2023-05-31,27745.123047
3179,2023-06-01,27236.576172
