Date,FG,Price,,
08/04/2023,61,27920.51367,,173%
07/04/2023,64,28038.9668,,
06/04/2023,63,28175.22656,,
05/04/2023,62,28169.72656,,
04/04/2023,62,27795.27344,,
03/04/2023,63,28183.08008,,
02/04/2023,63,28462.8457,,
01/04/2023,61,28473.33203,,
31/03/2023,63,28032.26172,,
30/03/2023,60,28350.14063,,
29/03/2023,57,27267.03125,,
28/03/2023,59,27132.88867,,
27/03/2023,64,27994.06836,,
26/03/2023,64,27495.52344,,
25/03/2023,64,27487.33789,,
24/03/2023,61,28324.11133,,
23/03/2023,57,27301.95703,,
22/03/2023,62,28158.7207,,
21/03/2023,68,27768.39258,,
20/03/2023,66,28041.60156,,
19/03/2023,63,26969.50391,,
18/03/2023,64,27448.11719,,
17/03/2023,51,25055.12305,,
16/03/2023,52,24373.45703,,
15/03/2023,50,24770.92578,,
14/03/2023,56,24201.76563,,
13/03/2023,49,22156.40625,,
12/03/2023,33,20628.0293,,
11/03/2023,33,20187.87695,,
10/03/2023,34,20367.00195,,
09/03/2023,44,21720.08008,,
08/03/2023,50,22216.44141,,
07/03/2023,49,22428.32227,,
06/03/2023,48,22436.81641,,
05/03/2023,47,22354.14453,,
04/03/2023,50,22362.92383,,
03/03/2023,50,23476.63281,,
02/03/2023,51,23647.01953,,
01/03/2023,50,23150.92969,,
28/02/2023,53,23521.83789,,
27/02/2023,50,23561.45117,,
26/02/2023,51,23174.15039,,
25/02/2023,52,23200.125,,
24/02/2023,53,23946.00781,,
23/02/2023,56,24190.71875,,
22/02/2023,59,24437.41797,,
21/02/2023,60,24833.04883,,
20/02/2023,58,24336.62305,,
19/02/2023,60,24640.02734,,
18/02/2023,60,24565.29688,,
17/02/2023,61,23621.2832,,
16/02/2023,62,24307.34961,,
15/02/2023,53,22220.58594,,
14/02/2023,50,21801.82227,,
13/02/2023,48,21787,,
12/02/2023,50,21870.90234,,
11/02/2023,49,21651.8418,,
10/02/2023,48,21819.00586,,
09/02/2023,55,22946.56641,,
08/02/2023,58,23263.41602,,
07/02/2023,54,22757.26758,,
06/02/2023,56,22954.02148,,
05/02/2023,58,23332.24805,,
04/02/2023,58,23446.32031,,
03/02/2023,60,23469.41211,,
02/02/2023,60,23720.82422,,
01/02/2023,56,23137.83594,,
31/01/2023,51,22840.79688,,
30/01/2023,61,23774.64844,,
29/01/2023,55,23031.44922,,
28/01/2023,52,23079.96484,,
27/01/2023,55,23030.7168,,
26/01/2023,54,23108.95508,,
25/01/2023,51,22639.26758,,
24/01/2023,52,22929.62695,,
23/01/2023,50,22721.08789,,
22/01/2023,53,22777.98633,,
21/01/2023,53,22677.42773,,
20/01/2023,51,21085.37305,,
19/01/2023,45,20686.74609,,
18/01/2023,52,21161.05078,,
17/01/2023,51,21175.83398,,
16/01/2023,45,20882.22461,,
15/01/2023,52,20977.48438,,
14/01/2023,46,19910.53711,,
13/01/2023,31,18868.90625,,
12/01/2023,30,18117.59375,,
11/01/2023,26,17446.35938,,
10/01/2023,26,17192.94922,,
09/01/2023,25,17093.99219,,
08/01/2023,25,16954.14648,,
07/01/2023,25,16952.11719,,
06/01/2023,26,16836.47266,,
05/01/2023,29,16863.47266,,
04/01/2023,29,16680.20508,,
03/01/2023,26,16688.84766,,
02/01/2023,27,16625.50977,,
01/01/2023,26,16547.91406,,
31/12/2022,25,16603.67383,,
30/12/2022,28,16641.33008,,
29/12/2022,28,16552.32227,,
28/12/2022,28,16716.40039,,
27/12/2022,27,16919.29102,,
26/12/2022,28,16842.25,,
25/12/2022,29,16847.50586,,
24/12/2022,29,16796.97656,,
23/12/2022,27,16829.64453,,
22/12/2022,28,16818.38086,,
21/12/2022,26,16904.52734,,
20/12/2022,29,16441.78711,,
19/12/2022,29,16759.04102,,
18/12/2022,26,16795.60938,,
17/12/2022,28,16646.98242,,
16/12/2022,29,17364.54688,,
15/12/2022,31,17813.64453,,
14/12/2022,30,17782.06641,,
13/12/2022,27,17206.44141,,
12/12/2022,27,17102.5,,
11/12/2022,26,17129.71094,,
10/12/2022,27,17134.2207,,
09/12/2022,26,17232.14844,,
08/12/2022,25,16847.34961,,
07/12/2022,29,17089.50586,,
06/12/2022,25,16975.23828,,
05/12/2022,26,17128.89453,,
04/12/2022,26,16908.16992,,
03/12/2022,27,17090.09766,,
02/12/2022,27,16968.68359,,
01/12/2022,27,17168.00195,,
30/11/2022,29,16445.47656,,
29/11/2022,26,16217.63965,,
28/11/2022,28,16440.22266,,
27/11/2022,26,16463.88281,,
26/11/2022,22,16521.57617,,
25/11/2022,20,16602.26953,,
24/11/2022,20,16611.63672,,
23/11/2022,22,16195.58887,,
22/11/2022,22,15782.30078,,
21/11/2022,21,16291.22363,,
20/11/2022,24,16712.91992,,
19/11/2022,23,16696.2207,,
18/11/2022,23,16687.91211,,
17/11/2022,20,16670.42578,,
16/11/2022,23,16884.3418,,
15/11/2022,22,16617.48438,,
14/11/2022,24,16352.02832,,
13/11/2022,22,16799.72266,,
12/11/2022,21,17036.875,,
11/11/2022,25,17583.25195,,
10/11/2022,22,15883.1582,,
09/11/2022,29,18543.76172,,
08/11/2022,31,20600.67188,,
07/11/2022,33,20924.62109,,
06/11/2022,40,21285.05664,,
05/11/2022,38,21144.83203,,
04/11/2022,30,20208.76953,,
03/11/2022,30,20162.68945,,
02/11/2022,30,20482.95898,,
01/11/2022,30,20494.89844,,
31/10/2022,31,20633.69531,,
30/10/2022,34,20817.98242,,
29/10/2022,34,20595.10352,,
28/10/2022,30,20287.95703,,
27/10/2022,32,20772.80273,,
26/10/2022,33,20092.23633,,
25/10/2022,20,19344.96484,,
24/10/2022,22,19567.76953,,
23/10/2022,23,19207.73438,,
22/10/2022,20,19172.38086,,
21/10/2022,23,19053.20313,,
20/10/2022,23,19138.08594,,
19/10/2022,23,19335.02734,,
18/10/2022,22,19550.4668,,
17/10/2022,20,19268.5625,,
16/10/2022,24,19068.91406,,
15/10/2022,24,19185.4375,,
14/10/2022,24,19382.5332,,
13/10/2022,20,19156.9668,,
12/10/2022,20,19052.64648,,
11/10/2022,24,19139,,
10/10/2022,22,19446.41602,,
09/10/2022,22,19417.47852,,
08/10/2022,24,19546.32813,,
07/10/2022,23,19957.55859,,
06/10/2022,26,20161.03906,,
05/10/2022,25,20335.90039,,
04/10/2022,20,19623.58398,,
03/10/2022,24,19044.06836,,
02/10/2022,24,19311.84961,,
01/10/2022,20,19431.10547,,
30/09/2022,21,19573.43164,,
29/09/2022,22,19427.7793,,
28/09/2022,20,19104.62109,,
27/09/2022,20,19221.83984,,
26/09/2022,21,18803.90039,,
25/09/2022,24,18936.31055,,
24/09/2022,24,19296.99023,,
23/09/2022,20,19412.40039,,
22/09/2022,22,18534.65039,,
21/09/2022,23,18891.2832,,
20/09/2022,23,19545.5918,,
19/09/2022,21,19418.57227,,
18/09/2022,27,20127.23438,,
17/09/2022,22,19777.0332,,
16/09/2022,20,19704.00586,,
15/09/2022,28,20242.28906,,
14/09/2022,27,20184.55469,,
13/09/2022,34,22371.48047,,
12/09/2022,25,21770.14844,,
11/09/2022,26,21678.54297,,
10/09/2022,28,21376.91211,,
09/09/2022,22,19328.14063,,
08/09/2022,20,19289.94141,,
07/09/2022,24,18837.68359,,
06/09/2022,22,19817.72461,,
05/09/2022,23,19988.78906,,
04/09/2022,20,19832.4707,,
03/09/2022,21,19969.71875,,
02/09/2022,25,20126.07227,,
01/09/2022,20,20050.49805,,
31/08/2022,23,19799.58203,,
30/08/2022,27,20298.61133,,
29/08/2022,24,19615.1543,,
28/08/2022,28,20041.03516,,
27/08/2022,28,20262.48047,,
26/08/2022,27,21596.08594,,
25/08/2022,25,21395.45898,,
24/08/2022,25,21526.45508,,
23/08/2022,28,21401.04492,,
22/08/2022,29,21531.46289,,
21/08/2022,27,21160.39258,,
20/08/2022,29,20872.8418,,
19/08/2022,33,23213.3125,,
18/08/2022,30,23341.03906,,
17/08/2022,41,23881.31641,,
16/08/2022,44,24126.13672,,
15/08/2022,45,24318.31641,,
14/08/2022,47,24429.05664,,
13/08/2022,46,24402.1875,,
12/08/2022,42,23957.20313,,
11/08/2022,41,23948.3457,,
10/08/2022,31,23162.89844,,
09/08/2022,42,23811.48438,,
08/08/2022,30,23179.52734,,
07/08/2022,30,22963.50586,,
06/08/2022,31,23291.42383,,
05/08/2022,31,22626.83398,,
04/08/2022,30,22848.21484,,
03/08/2022,34,22981.30273,,
02/08/2022,31,23308.43359,,
01/08/2022,33,23336.71875,,
31/07/2022,39,23652.07031,,
30/07/2022,42,23796.81836,,
29/07/2022,39,23845.21289,,
28/07/2022,32,22933.64063,,
27/07/2022,28,21244.16992,,
26/07/2022,26,21361.12109,,
25/07/2022,30,22607.15625,,
24/07/2022,30,22465.50977,,
23/07/2022,31,22706.98438,,
22/07/2022,33,23163.75195,,
21/07/2022,34,23233.20117,,
20/07/2022,31,23393.19141,,
19/07/2022,30,22467.84961,,
18/07/2022,20,20781.91211,,
17/07/2022,24,21195.04102,,
16/07/2022,21,20834.10352,,
15/07/2022,15,20573.15625,,
14/07/2022,18,20211.4668,,
13/07/2022,15,19325.97266,,
12/07/2022,16,19970.47461,,
11/07/2022,22,20856.35352,,
10/07/2022,24,21591.08008,,
09/07/2022,24,21716.82813,,
08/07/2022,20,21637.1543,,
07/07/2022,18,20547.81445,,
06/07/2022,18,20194.61914,,
05/07/2022,19,20225.35352,,
04/07/2022,14,19297.31445,,
03/07/2022,11,19242.0957,,
02/07/2022,14,19274.83594,,
01/07/2022,11,19820.4707,,
30/06/2022,11,20108.3125,,
29/06/2022,13,20281.16992,,
28/06/2022,10,20731.54492,,
27/06/2022,12,21028.23828,,
26/06/2022,14,21496.49414,,
25/06/2022,14,21233.60938,,
24/06/2022,11,21084.64844,,
23/06/2022,11,19986.60742,,
22/06/2022,11,20719.41406,,
21/06/2022,9,20594.29492,,
20/06/2022,9,20553.37109,,
19/06/2022,6,19010.90234,,
18/06/2022,6,20473.42578,,
17/06/2022,9,20385.71875,,
16/06/2022,7,22576.30469,,
15/06/2022,7,22196.73047,,
14/06/2022,8,22487.98633,,
13/06/2022,11,26737.57813,,
12/06/2022,14,28373.51367,,
11/06/2022,12,29084.66602,,
10/06/2022,13,30110.33008,,
09/06/2022,11,30215.2793,,
08/06/2022,17,31151.48047,,
07/06/2022,15,31371.74219,,
06/06/2022,13,29910.2832,,
05/06/2022,10,29835.11719,,
04/06/2022,14,29706.13867,,
03/06/2022,10,30467.80664,,
02/06/2022,13,29794.89063,,
01/06/2022,17,31792.55469,,
31/05/2022,16,31723.86523,,
30/05/2022,10,29443.36523,,
29/05/2022,14,29019.86719,,
28/05/2022,13,28622.625,,
27/05/2022,12,29251.14063,,
26/05/2022,12,29564.77734,,
25/05/2022,11,29653.13477,,
24/05/2022,12,29101.125,,
23/05/2022,10,30309.39648,,
22/05/2022,14,29432.47266,,
21/05/2022,13,29199.85938,,
20/05/2022,13,30311.11914,,
19/05/2022,13,28720.35938,,
18/05/2022,12,30424.47852,,
17/05/2022,8,29862.4082,,
16/05/2022,14,31304.375,,
15/05/2022,10,30098.58594,,
14/05/2022,9,29285.64258,,
13/05/2022,10,29030.91016,,
12/05/2022,12,28936.73438,,
11/05/2022,12,31016.18359,,
10/05/2022,10,30273.6543,,
09/05/2022,11,34060.01563,,
08/05/2022,18,35502.94141,,
07/05/2022,23,36042.50391,,
06/05/2022,22,36573.18359,,
05/05/2022,27,39695.74609,,
04/05/2022,21,37748.01172,,
03/05/2022,27,38528.10938,,
02/05/2022,28,38472.1875,,
01/05/2022,22,37713.26563,,
30/04/2022,20,38605.85938,,
29/04/2022,23,39768.61719,,
28/04/2022,24,39241.42969,,
27/04/2022,21,38120.30078,,
26/04/2022,27,40448.42188,,
25/04/2022,23,39472.60547,,
24/04/2022,24,39478.375,,
23/04/2022,24,39738.72266,,
22/04/2022,26,40525.86328,,
21/04/2022,27,41371.51563,,
20/04/2022,27,41501.74609,,
19/04/2022,27,40828.17578,,
18/04/2022,24,39721.20313,,
17/04/2022,28,40417.77734,,
16/04/2022,28,40552.31641,,
15/04/2022,22,39939.40234,,
14/04/2022,28,41160.21875,,
13/04/2022,25,40123.57031,,
12/04/2022,20,39533.71484,,
11/04/2022,32,42201.03906,,
10/04/2022,34,42781.08984,,
09/04/2022,30,42282.07813,,
08/04/2022,37,43505.13672,,
07/04/2022,34,43207.5,,
06/04/2022,48,45544.35547,,
05/04/2022,53,46624.50781,,
04/04/2022,52,46445.27344,,
03/04/2022,48,45859.12891,,
02/04/2022,52,46285.5,,
01/04/2022,50,45554.16406,,
31/03/2022,52,47062.14844,,
30/03/2022,55,47456.89844,,
29/03/2022,56,47100.4375,,
28/03/2022,60,46821.85156,,
27/03/2022,49,44505.35547,,
26/03/2022,51,44349.85938,,
25/03/2022,47,43964.54688,,
24/03/2022,40,42886.65234,,
23/03/2022,31,42364.37891,,
22/03/2022,26,41074.10547,,
21/03/2022,30,41246.13281,,
20/03/2022,31,42191.40625,,
19/03/2022,28,41794.64844,,
18/03/2022,25,40944.83984,,
17/03/2022,27,41140.84375,,
16/03/2022,24,39335.57031,,
15/03/2022,21,39664.25,,
14/03/2022,23,37846.31641,,
13/03/2022,21,38884.72656,,
12/03/2022,22,38794.46484,,
11/03/2022,22,39439.96875,,
10/03/2022,28,41974.07031,,
09/03/2022,22,38742.81641,,
08/03/2022,21,38059.90234,,
07/03/2022,23,38429.30469,,
06/03/2022,22,39404.19922,,
05/03/2022,22,39148.44922,,
04/03/2022,33,42458.14063,,
03/03/2022,39,43925.19531,,
02/03/2022,52,44357.61719,,
01/03/2022,51,43194.50391,,
28/02/2022,20,37706,,
27/02/2022,26,39098.69922,,
26/02/2022,26,39213.08203,,
25/02/2022,27,38333.74609,,
24/02/2022,23,37278.56641,,
23/02/2022,25,38285.28125,,
22/02/2022,20,37068.76953,,
21/02/2022,25,38423.21094,,
20/02/2022,27,40118.10156,,
19/02/2022,25,40026.02344,,
18/02/2022,30,40552.13281,,
17/02/2022,52,43937.07031,,
16/02/2022,51,44578.27734,,
15/02/2022,46,42586.46484,,
14/02/2022,46,42157.39844,,
13/02/2022,44,42236.56641,,
12/02/2022,44,42412.30078,,
11/02/2022,50,43571.12891,,
10/02/2022,50,44347.80078,,
09/02/2022,54,44096.70313,,
08/02/2022,48,43854.65234,,
07/02/2022,45,42406.78125,,
06/02/2022,37,41441.12109,,
05/02/2022,33,41501.48047,,
04/02/2022,20,37149.26563,,
03/02/2022,20,36944.80469,,
02/02/2022,28,38743.71484,,
01/02/2022,26,38481.76563,,
31/01/2022,20,37920.28125,,
30/01/2022,29,38151.91797,,
29/01/2022,24,37780.71484,,
28/01/2022,24,37128.44531,,
27/01/2022,20,36841.87891,,
26/01/2022,23,36950.51563,,
25/01/2022,12,36654.80469,,
24/01/2022,13,36275.73438,,
23/01/2022,11,35047.35938,,
22/01/2022,13,36471.58984,,
21/01/2022,19,40699.60547,,
20/01/2022,24,41744.02734,,
19/01/2022,24,42374.03906,,
18/01/2022,24,42250.07422,,
17/01/2022,22,43118.12109,,
16/01/2022,21,43172.03906,,
15/01/2022,23,43101.89844,,
14/01/2022,21,42598.87109,,
13/01/2022,21,43946.74219,,
12/01/2022,22,42742.17969,,
11/01/2022,21,41819.50781,,
10/01/2022,23,41910.23047,,
09/01/2022,23,41734.72656,,
08/01/2022,10,41561.46484,,
07/01/2022,18,43153.57031,,
06/01/2022,15,43565.51172,,
05/01/2022,24,45899.35938,,
04/01/2022,23,46458.85156,,
03/01/2022,29,47343.54297,,
02/01/2022,29,47680.92578,,
01/01/2022,21,46311.74609,,
31/12/2021,28,47169.37109,,
30/12/2021,22,46490.60547,,
29/12/2021,27,47623.87109,,
28/12/2021,41,50679.85938,,
27/12/2021,40,50802.60938,,
26/12/2021,37,50428.69141,,
25/12/2021,39,50854.91797,,
24/12/2021,41,50806.05078,,
23/12/2021,34,48626.34375,,
22/12/2021,45,48937.09766,,
21/12/2021,27,46886.07813,,
20/12/2021,25,46707.0625,,
19/12/2021,29,46853.86719,,
18/12/2021,24,46219.25391,,
17/12/2021,23,47653.73047,,
16/12/2021,29,48900.46484,,
15/12/2021,28,48379.75391,,
14/12/2021,21,46709.82422,,
13/12/2021,28,50114.74219,,
12/12/2021,27,49354.85547,,
11/12/2021,16,47264.63281,,
10/12/2021,24,47642.14453,,
09/12/2021,29,50450.08203,,
08/12/2021,28,50667.64844,,
07/12/2021,25,50581.82813,,
06/12/2021,16,49413.48047,,
05/12/2021,18,49201.51953,,
04/12/2021,25,53727.87891,,
03/12/2021,31,56509.16406,,
02/12/2021,32,57217.37109,,
01/12/2021,34,56907.96484,,
30/11/2021,40,57830.11328,,
29/11/2021,33,57291.90625,,
28/11/2021,27,54813.02344,,
27/11/2021,21,53736.42969,,
26/11/2021,47,58960.28516,,
25/11/2021,32,57165.41797,,
24/11/2021,42,57565.85156,,
23/11/2021,33,56304.55469,,
22/11/2021,50,58706.84766,,
21/11/2021,49,59730.50781,,
20/11/2021,43,58115.08203,,
19/11/2021,34,56896.12891,,
18/11/2021,54,60360.13672,,
17/11/2021,52,60139.62109,,
16/11/2021,71,63721.19531,,
15/11/2021,72,65521.28906,,
14/11/2021,74,64455.37109,,
13/11/2021,72,64158.12109,,
12/11/2021,74,64863.98047,,
11/11/2021,77,64978.89063,,
10/11/2021,75,66953.33594,,
09/11/2021,84,67549.73438,,
08/11/2021,75,63344.06641,,
07/11/2021,73,61554.92188,,
06/11/2021,71,61068.875,,
05/11/2021,73,61460.07813,,
04/11/2021,73,62941.80469,,
03/11/2021,76,63254.33594,,
02/11/2021,73,60963.25391,,
01/11/2021,74,61320.44922,,
31/10/2021,74,61850.48828,,
30/10/2021,73,62239.36328,,
29/10/2021,70,60624.87109,,
28/10/2021,66,58470.73047,,
27/10/2021,73,60352,,
26/10/2021,76,63032.76172,,
25/10/2021,72,60893.92578,,
24/10/2021,73,61368.34375,,
23/10/2021,74,60694.62891,,
22/10/2021,75,62237.89063,,
21/10/2021,84,66002.23438,,
20/10/2021,82,64284.58594,,
19/10/2021,75,62043.16406,,
18/10/2021,78,61548.80469,,
17/10/2021,79,60887.65234,,
16/10/2021,78,61609.52734,,
15/10/2021,71,57345.90234,,
14/10/2021,70,57372.83203,,
13/10/2021,70,56038.25781,,
12/10/2021,78,57526.83203,,
11/10/2021,71,54734.125,,
10/10/2021,71,54952.82031,,
09/10/2021,72,53929.78125,,
08/10/2021,74,53802.14453,,
07/10/2021,76,55338.625,,
06/10/2021,68,51486.66406,,
05/10/2021,59,49174.96094,,
04/10/2021,54,48208.90625,,
03/10/2021,49,47680.02734,,
02/10/2021,54,48137.46875,,
01/10/2021,27,43816.74219,,
30/09/2021,20,41551.26953,,
29/09/2021,24,41064.98438,,
28/09/2021,25,42200.89844,,
27/09/2021,26,43234.18359,,
26/09/2021,27,42721.62891,,
25/09/2021,28,42840.89063,,
24/09/2021,33,44894.30078,,
23/09/2021,27,43560.29688,,
22/09/2021,21,40677.95313,,
21/09/2021,27,43012.23438,,
20/09/2021,50,47261.40625,,
19/09/2021,53,48268.85547,,
18/09/2021,50,47273.52734,,
17/09/2021,48,47771.00391,,
16/09/2021,53,48158.90625,,
15/09/2021,49,47098,,
14/09/2021,30,44960.05078,,
13/09/2021,44,46057.21484,,
12/09/2021,32,45206.62891,,
11/09/2021,31,44869.83984,,
10/09/2021,46,46396.66406,,
09/09/2021,45,45774.74219,,
08/09/2021,47,46827.76172,,
07/09/2021,79,52660.48047,,
06/09/2021,79,51769.00391,,
05/09/2021,73,49937.85938,,
04/09/2021,72,50009.32422,,
03/09/2021,74,49288.25,,
02/09/2021,74,48807.84766,,
01/09/2021,71,47099.77344,,
31/08/2021,73,47024.33984,,
30/08/2021,73,48834.85156,,
29/08/2021,72,48911.25,,
28/08/2021,78,49072.58594,,
27/08/2021,71,46894.55469,,
26/08/2021,75,49002.64063,,
25/08/2021,73,47727.25781,,
24/08/2021,79,49562.34766,,
23/08/2021,79,49291.67578,,
22/08/2021,76,48869.10547,,
21/08/2021,78,49327.07422,,
20/08/2021,70,46723.12109,,
19/08/2021,70,44741.88281,,
18/08/2021,73,44686.75,,
17/08/2021,72,45936.45703,,
16/08/2021,72,47019.96094,,
15/08/2021,71,47096.66797,,
14/08/2021,76,47810.6875,,
13/08/2021,70,44439.69141,,
12/08/2021,70,45576.87891,,
11/08/2021,70,45599.70313,,
10/08/2021,71,46280.84766,,
09/08/2021,65,43791.92578,,
08/08/2021,74,44574.4375,,
07/08/2021,69,42832.79688,,
06/08/2021,52,40865.86719,,
05/08/2021,50,39744.51563,,
04/08/2021,42,38213.33203,,
03/08/2021,48,39178.40234,,
02/08/2021,48,39907.26172,,
01/08/2021,60,41460.84375,,
31/07/2021,60,42196.30469,,
30/07/2021,53,40027.48438,,
29/07/2021,50,39995.45313,,
28/07/2021,50,39503.1875,,
27/07/2021,32,37276.03516,,
26/07/2021,26,35384.03125,,
25/07/2021,27,34290.29297,,
24/07/2021,22,33593.73047,,
23/07/2021,23,32305.95898,,
22/07/2021,21,32138.87305,,
21/07/2021,10,29796.28516,,
20/07/2021,19,30838.28516,,
19/07/2021,24,31800.01172,,
18/07/2021,19,31533.88477,,
17/07/2021,15,31397.30859,,
16/07/2021,22,31841.55078,,
15/07/2021,20,32827.875,,
14/07/2021,21,32723.8457,,
13/07/2021,20,33125.46875,,
12/07/2021,25,34254.01563,,
11/07/2021,20,33509.07813,,
10/07/2021,20,33811.24219,,
09/07/2021,20,32861.67188,,
08/07/2021,20,33889.60547,,
07/07/2021,28,34225.67969,,
06/07/2021,20,33723.50781,,
05/07/2021,29,35284.34375,,
04/07/2021,27,34665.56641,,
03/07/2021,24,33854.42188,,
02/07/2021,21,33549.60156,,
01/07/2021,28,35035.98438,,
30/06/2021,28,35908.38672,,
29/06/2021,25,34475.55859,,
28/06/2021,25,34679.12109,,
27/06/2021,22,32287.52344,,
26/06/2021,20,31594.66406,,
25/06/2021,27,34659.10547,,
24/06/2021,22,33682.80078,,
23/06/2021,14,32515.71484,,
22/06/2021,10,31622.37695,,
21/06/2021,23,35641.14453,,
20/06/2021,21,35563.14063,,
19/06/2021,23,35854.52734,,
18/06/2021,25,38099.47656,,
17/06/2021,26,38341.42188,,
16/06/2021,33,40168.69141,,
15/06/2021,38,40427.16797,,
14/06/2021,28,39016.96875,,
13/06/2021,23,35555.78906,,
12/06/2021,28,37340.14453,,
11/06/2021,21,36697.03125,,
10/06/2021,21,37389.51563,,
09/06/2021,14,33416.97656,,
08/06/2021,13,33589.51953,,
07/06/2021,15,35835.26563,,
06/06/2021,17,35538.60938,,
05/06/2021,24,36880.15625,,
04/06/2021,27,39242.48438,,
03/06/2021,24,37599.41016,,
02/06/2021,23,36699.92188,,
01/06/2021,20,37293.79297,,
31/05/2021,18,35658.59375,,
30/05/2021,10,34607.40625,,
29/05/2021,18,35684.15625,,
28/05/2021,21,38507.08203,,
27/05/2021,27,39316.89063,,
26/05/2021,22,38392.625,,
25/05/2021,22,38795.78125,,
24/05/2021,10,34700.36328,,
23/05/2021,14,37531.44922,,
22/05/2021,12,37371.03125,,
21/05/2021,19,40596.94922,,
20/05/2021,11,36753.66797,,
19/05/2021,23,42944.97656,,
18/05/2021,21,43488.05859,,
17/05/2021,27,46415.89844,,
16/05/2021,20,46716.63672,,
15/05/2021,27,49855.49609,,
14/05/2021,26,49682.98047,,
13/05/2021,31,49735.43359,,
12/05/2021,68,56714.53125,,
11/05/2021,61,55847.24219,,
10/05/2021,72,58250.87109,,
09/05/2021,73,58877.39063,,
08/05/2021,67,57352.76563,,
07/05/2021,64,56413.95313,,
06/05/2021,65,57441.30859,,
05/05/2021,48,53252.16406,,
04/05/2021,68,57214.17969,,
03/05/2021,61,56620.27344,,
02/05/2021,66,57825.86328,,
01/05/2021,68,57714.66406,,
30/04/2021,51,53568.66406,,
29/04/2021,52,54858.08984,,
28/04/2021,59,55036.63672,,
27/04/2021,50,54030.30469,,
26/04/2021,27,49077.79297,,
25/04/2021,31,50052.83203,,
24/04/2021,37,51143.22656,,
23/04/2021,55,51739.80859,,
22/04/2021,65,53857.10547,,
21/04/2021,73,56471.12891,,
20/04/2021,73,55681.79297,,
19/04/2021,74,56191.58594,,
18/04/2021,79,60701.88672,,
17/04/2021,76,61529.92188,,
16/04/2021,78,63258.50391,,
15/04/2021,79,63075.19531,,
14/04/2021,75,63523.75391,,
13/04/2021,74,59890.01953,,
12/04/2021,74,60175.94531,,
11/04/2021,76,59846.23047,,
10/04/2021,70,58253.77734,,
09/04/2021,70,58326.5625,,
08/04/2021,73,56099.91406,,
07/04/2021,72,58186.50781,,
06/04/2021,75,59171.93359,,
05/04/2021,71,58760.875,,
04/04/2021,74,57604.83984,,
03/04/2021,73,59397.41016,,
02/04/2021,74,59098.87891,,
01/04/2021,74,58926.5625,,
31/03/2021,76,58930.27734,,
30/03/2021,72,57750.13281,,
29/03/2021,72,55947.89844,,
28/03/2021,74,55974.94141,,
27/03/2021,65,55137.56641,,
26/03/2021,54,51683.01172,,
25/03/2021,60,52726.74609,,
24/03/2021,65,54710.48828,,
23/03/2021,66,54511.66016,,
22/03/2021,70,57517.89063,,
21/03/2021,73,58309.91406,,
20/03/2021,75,58332.26172,,
19/03/2021,71,57850.44141,,
18/03/2021,72,58893.07813,,
17/03/2021,71,56825.82813,,
16/03/2021,71,55840.78516,,
15/03/2021,76,59267.42969,,
14/03/2021,78,61221.13281,,
13/03/2021,74,57343.37109,,
12/03/2021,70,57821.21875,,
11/03/2021,73,55963.17969,,
10/03/2021,68,54824.01172,,
09/03/2021,81,52272.96875,,
08/03/2021,81,51174.11719,,
07/03/2021,76,48918.67969,,
06/03/2021,77,48899.23047,,
05/03/2021,77,48527.03125,,
04/03/2021,84,50522.30469,,
03/03/2021,78,48415.81641,,
02/03/2021,78,49612.10547,,
01/03/2021,38,45159.50391,,
28/02/2021,55,46194.01563,,
27/02/2021,56,46344.77344,,
26/02/2021,55,47180.46484,,
25/02/2021,79,49709.08203,,
24/02/2021,76,48835.08594,,
23/02/2021,94,54204.92969,,
22/02/2021,94,57532.73828,,
21/02/2021,91,56068.56641,,
20/02/2021,91,55887.33594,,
19/02/2021,93,51675.98047,,
18/02/2021,91,52140.97266,,
17/02/2021,95,49207.27734,,
16/02/2021,95,47944.45703,,
15/02/2021,93,48696.53516,,
14/02/2021,95,47114.50781,,
13/02/2021,92,47491.20313,,
12/02/2021,92,47877.03516,,
11/02/2021,93,44898.71094,,
10/02/2021,92,46469.76172,,
09/02/2021,95,46184.99219,,
08/02/2021,83,38886.82813,,
07/02/2021,86,39250.19141,,
06/02/2021,84,38138.38672,,
05/02/2021,81,36931.54688,,
04/02/2021,80,37475.10547,,
03/02/2021,78,35510.82031,,
02/02/2021,76,33533.19922,,
01/02/2021,77,33114.57813,,
31/01/2021,78,34270.87891,,
30/01/2021,76,34295.93359,,
29/01/2021,77,34318.67188,,
28/01/2021,55,30441.04102,,
27/01/2021,78,32564.0293,,
26/01/2021,71,32358.61328,,
25/01/2021,74,32285.79883,,
24/01/2021,70,32064.37695,,
23/01/2021,74,32985.75781,,
22/01/2021,40,30817.625,,
21/01/2021,75,35549.39844,,
20/01/2021,78,36050.11328,,
19/01/2021,80,36642.23438,,
18/01/2021,79,35792.23828,,
17/01/2021,79,36163.64844,,
16/01/2021,84,36821.64844,,
15/01/2021,88,39156.70703,,
14/01/2021,83,37325.10938,,
13/01/2021,78,33915.12109,,
12/01/2021,84,35516.35938,,
11/01/2021,90,38346.53125,,
10/01/2021,94,40254.21875,,
09/01/2021,93,40788.64063,,
08/01/2021,93,39381.76563,,
07/01/2021,91,36833.875,,
06/01/2021,95,34013.61328,,
05/01/2021,93,31977.04102,,
04/01/2021,94,32810.94922,,
03/01/2021,93,32129.4082,,
02/01/2021,94,29376.45508,,
01/01/2021,94,28994.00977,,
31/12/2020,95,28841.57422,,
30/12/2020,91,27360.08984,,
29/12/2020,91,27081.81055,,
28/12/2020,92,26280.82227,,
27/12/2020,91,26439.37305,,
26/12/2020,93,24677.01563,,
25/12/2020,94,23733.57031,,
24/12/2020,86,23240.20313,,
23/12/2020,93,23781.97461,,
22/12/2020,88,22794.03906,,
21/12/2020,92,23474.45508,,
20/12/2020,92,23861.76563,,
19/12/2020,93,23132.86523,,
18/12/2020,95,22806.79688,,
17/12/2020,92,21308.35156,,
16/12/2020,92,19418.81836,,
15/12/2020,91,19246.91992,,
14/12/2020,95,19144.49219,,
13/12/2020,91,18806.76563,,
12/12/2020,90,18051.32031,,
11/12/2020,89,18263.92969,,
10/12/2020,94,18553.29883,,
09/12/2020,86,18320.88477,,
08/12/2020,95,19191.5293,,
07/12/2020,94,19343.12891,,
06/12/2020,95,19154.17969,,
05/12/2020,93,18698.38477,,
04/12/2020,92,19446.9668,,
03/12/2020,92,19205.92578,,
02/12/2020,92,18801.74414,,
01/12/2020,95,19633.76953,,
30/11/2020,88,18178.32227,,
29/11/2020,89,17719.63477,,
28/11/2020,87,17112.93359,,
27/11/2020,86,17153.91406,,
26/11/2020,93,18729.83984,,
25/11/2020,94,19104.41016,,
24/11/2020,88,18365.01563,,
23/11/2020,90,18370.01758,,
22/11/2020,94,18642.23242,,
21/11/2020,91,18621.31641,,
20/11/2020,86,17817.08398,,
19/11/2020,94,17803.86133,,
18/11/2020,91,17645.19141,,
17/11/2020,86,16685.69141,,
16/11/2020,90,15955.57715,,
15/11/2020,86,16068.13965,,
14/11/2020,90,16317.80859,,
13/11/2020,89,16276.44043,,
12/11/2020,87,15701.29883,,
11/11/2020,86,15290.90918,,
10/11/2020,90,15332.35059,,
09/11/2020,90,15479.5957,,
08/11/2020,82,14833.75391,,
07/11/2020,88,15565.88086,,
06/11/2020,90,15579.72949,,
05/11/2020,72,14133.7334,,
04/11/2020,74,13950.48828,,
03/11/2020,71,13550.45117,,
02/11/2020,71,13737.03223,,
01/11/2020,72,13780.99512,,
31/10/2020,73,13546.53223,,
30/10/2020,74,13437.87402,,
29/10/2020,67,13271.29883,,
28/10/2020,70,13654.21484,,
27/10/2020,61,13075.24219,,
26/10/2020,75,13031.20117,,
25/10/2020,76,13108.06348,,
24/10/2020,73,12931.57422,,
23/10/2020,74,12971.54883,,
22/10/2020,73,12801.63574,,
21/10/2020,61,11913.07715,,
20/10/2020,56,11745.97461,,
19/10/2020,55,11495.03809,,
18/10/2020,55,11355.98242,,
17/10/2020,56,11322.12305,,
16/10/2020,52,11502.82813,,
15/10/2020,56,11426.60254,,
14/10/2020,53,11429.04785,,
13/10/2020,56,11548.71973,,
12/10/2020,52,11392.63574,,
11/10/2020,55,11296.08203,,
10/10/2020,53,11059.14258,,
09/10/2020,48,10927.91309,,
08/10/2020,46,10669.37109,,
07/10/2020,43,10603.35547,,
06/10/2020,47,10796.30664,,
05/10/2020,42,10676.5293,,
04/10/2020,42,10550.44043,,
03/10/2020,40,10575.10059,,
02/10/2020,41,10619.82129,,
01/10/2020,45,10795.25488,,
30/09/2020,49,10843.87109,,
29/09/2020,45,10709.65039,,
28/09/2020,43,10776.61328,,
27/09/2020,47,10746.89258,,
26/09/2020,45,10695.5752,,
25/09/2020,46,10761.10938,,
24/09/2020,39,10248.78613,,
23/09/2020,43,10535.49219,,
22/09/2020,39,10459.62402,,
21/09/2020,48,10934.92578,,
20/09/2020,52,11095.87012,,
19/09/2020,48,10933.75293,,
18/09/2020,49,10951.82031,,
17/09/2020,48,10973.25195,,
16/09/2020,43,10797.76172,,
15/09/2020,47,10677.75488,,
14/09/2020,39,10328.73438,,
13/09/2020,38,10452.39941,,
12/09/2020,41,10409.86133,,
11/09/2020,41,10369.02832,,
10/09/2020,38,10242.33008,,
09/09/2020,38,10134.15137,,
08/09/2020,41,10369.30664,,
07/09/2020,41,10280.99805,,
06/09/2020,41,10167.2168,,
05/09/2020,41,10512.53027,,
04/09/2020,40,10230.36523,,
03/09/2020,79,11407.19141,,
02/09/2020,83,11964.82324,,
01/09/2020,75,11679.31641,,
31/08/2020,75,11713.30664,,
30/08/2020,75,11508.71387,,
29/08/2020,79,11541.05469,,
28/08/2020,74,11325.2959,,
27/08/2020,75,11485.6084,,
26/08/2020,76,11366.89453,,
25/08/2020,75,11773.58887,,
24/08/2020,78,11663.68945,,
23/08/2020,76,11679.69629,,
22/08/2020,78,11585.47754,,
21/08/2020,81,11878.02637,,
20/08/2020,75,11761.5,,
19/08/2020,80,11990.88477,,
18/08/2020,82,12251.89551,,
17/08/2020,83,11895.6582,,
16/08/2020,82,11866.68555,,
15/08/2020,79,11768.69727,,
14/08/2020,78,11772.65918,,
13/08/2020,75,11588.40527,,
12/08/2020,75,11404.59668,,
11/08/2020,84,11881.64746,,
10/08/2020,78,11662.25684,,
09/08/2020,79,11737.3252,,
08/08/2020,77,11604.55371,,
07/08/2020,77,11778.89453,,
06/08/2020,79,11749.87109,,
05/08/2020,75,11203.82324,,
04/08/2020,72,11246.20313,,
03/08/2020,75,11043.76856,,
02/08/2020,80,11758.76465,,
01/08/2020,75,11322.57031,,
31/07/2020,75,11110.21094,,
30/07/2020,76,11099.83301,,
29/07/2020,71,10912.95313,,
28/07/2020,76,11017.46387,,
27/07/2020,58,9905.217773,,
26/07/2020,55,9680.234375,,
25/07/2020,55,9539.485352,,
24/07/2020,53,9585.514648,,
23/07/2020,55,9527.141602,,
22/07/2020,50,9375.080078,,
21/07/2020,44,9162.514648,,
20/07/2020,44,9187.220703,,
19/07/2020,41,9158.005859,,
18/07/2020,44,9151.183594,,
17/07/2020,41,9131.8125,,
16/07/2020,43,9191.980469,,
15/07/2020,44,9241.897461,,
14/07/2020,43,9238.703125,,
13/07/2020,43,9277.205078,,
12/07/2020,41,9241.054688,,
11/07/2020,44,9277.511719,,
10/07/2020,41,9273.357422,,
09/07/2020,44,9427.994141,,
08/07/2020,44,9253.020508,,
07/07/2020,43,9349.161133,,
06/07/2020,40,9072.849609,,
05/07/2020,38,9126.09082,,
04/07/2020,40,9084.233398,,
03/07/2020,41,9124.842773,,
02/07/2020,42,9231.139648,,
01/07/2020,42,9145.985352,,
30/06/2020,44,9185.581055,,
29/06/2020,41,9140.029297,,
28/06/2020,40,9048.460938,,
27/06/2020,43,9167.824219,,
26/06/2020,40,9260.995117,,
25/06/2020,43,9314.126953,,
24/06/2020,50,9632.149414,,
23/06/2020,41,9644.076172,,
22/06/2020,38,9300.915039,,
21/06/2020,37,9330.926758,,
20/06/2020,38,9290.959961,,
19/06/2020,39,9410.293945,,
18/06/2020,40,9481.567383,,
17/06/2020,38,9533.78418,,
16/06/2020,39,9454.266602,,
15/06/2020,37,9386.035156,,
14/06/2020,40,9477.553711,,
13/06/2020,38,9480.735352,,
12/06/2020,38,9320.69043,,
11/06/2020,52,9870.078125,,
10/06/2020,54,9794.119141,,
09/06/2020,52,9774.360352,,
08/06/2020,53,9760.063477,,
07/06/2020,54,9653.00293,,
06/06/2020,54,9664.904297,,
05/06/2020,53,9800.21582,,
04/06/2020,54,9655.854492,,
03/06/2020,48,9533.760742,,
02/06/2020,56,10162.97363,,
01/06/2020,50,9463.605469,,
31/05/2020,51,9700.105469,,
30/05/2020,48,9438.914063,,
29/05/2020,48,9528.355469,,
28/05/2020,41,9184.945313,,
27/05/2020,39,8837.380859,,
26/05/2020,39,8909.585938,,
25/05/2020,41,8786.107422,,
24/05/2020,43,9212.283203,,
23/05/2020,40,9185.0625,,
22/05/2020,42,9080.334961,,
21/05/2020,49,9522.740234,,
20/05/2020,52,9725.329102,,
19/05/2020,50,9727.063477,,
18/05/2020,50,9675.695313,,
17/05/2020,40,9374.929688,,
16/05/2020,41,9333.240234,,
15/05/2020,44,9734.291016,,
14/05/2020,40,9271.329102,,
13/05/2020,41,8805.387695,,
12/05/2020,39,8610.385742,,
11/05/2020,40,8755.535156,,
10/05/2020,48,9591.168945,,
09/05/2020,56,9840.90625,,
08/05/2020,55,9936.162109,,
07/05/2020,49,9261.895508,,
06/05/2020,42,9007.441406,,
05/05/2020,40,8912.832031,,
04/05/2020,44,8895.745117,,
03/05/2020,45,8983.614258,,
02/05/2020,40,8869.057617,,
01/05/2020,40,8672.782227,,
30/04/2020,44,8797.669922,,
29/04/2020,26,7806.712402,,
28/04/2020,26,7796.970215,,
27/04/2020,28,7679.418945,,
26/04/2020,21,7570.13916,,
25/04/2020,24,7550.48291,,
24/04/2020,20,7434.181641,,
23/04/2020,19,7121.306152,,
22/04/2020,19,6879.44043,,
21/04/2020,17,6879.78418,,
20/04/2020,15,7186.873535,,
19/04/2020,16,7260.922363,,
18/04/2020,18,7092.291504,,
17/04/2020,15,7116.552734,,
16/04/2020,13,6640.454102,,
15/04/2020,18,6845.561523,,
14/04/2020,15,6843.281738,,
13/04/2020,11,6965.616699,,
12/04/2020,10,6858.067871,,
11/04/2020,15,6867.44043,,
10/04/2020,15,7303.81543,,
09/04/2020,22,7337.966309,,
08/04/2020,21,7179.283203,,
07/04/2020,20,7273.644043,,
06/04/2020,12,6788.049805,,
05/04/2020,12,6862.537598,,
04/04/2020,12,6738.382813,,
03/04/2020,14,6797.396484,,
02/04/2020,14,6606.776367,,
01/04/2020,12,6437.319336,,
31/03/2020,12,6430.606445,,
30/03/2020,10,5925.538574,,
29/03/2020,12,6245.624512,,
28/03/2020,8,6467.253906,,
27/03/2020,12,6719.38916,,
26/03/2020,14,6675.170898,,
25/03/2020,13,6738.716797,,
24/03/2020,12,6436.642578,,
23/03/2020,10,5831.374512,,
22/03/2020,11,6185.558105,,
21/03/2020,9,6206.521484,,
20/03/2020,9,6191.653809,,
19/03/2020,12,5245.416504,,
18/03/2020,11,5227.11377,,
17/03/2020,8,5002.578125,,
16/03/2020,9,5385.229492,,
15/03/2020,12,5201.066895,,
14/03/2020,8,5573.077637,,
13/03/2020,10,5017.831055,,
12/03/2020,14,7913.616211,,
11/03/2020,17,7910.089844,,
10/03/2020,16,7922.146973,,
09/03/2020,17,8111.146484,,
08/03/2020,33,8908.206055,,
07/03/2020,38,9121.600586,,
06/03/2020,39,9078.308594,,
05/03/2020,41,8760.285156,,
04/03/2020,40,8788.541992,,
03/03/2020,38,8865.387695,,
02/03/2020,38,8563.264648,,
01/03/2020,39,8599.758789,,
29/02/2020,38,8671.212891,,
28/02/2020,40,8788.728516,,
27/02/2020,39,8825.09375,,
26/02/2020,41,9338.290039,,
25/02/2020,44,9651.3125,,
24/02/2020,46,9921.583008,,
23/02/2020,46,9663.318359,,
22/02/2020,43,9687.707031,,
21/02/2020,44,9611.782227,,
20/02/2020,44,9629.325195,,
19/02/2020,50,10143.79883,,
18/02/2020,53,9691.230469,,
17/02/2020,49,9936.560547,,
16/02/2020,59,9889.179688,,
15/02/2020,64,10313.85645,,
14/02/2020,63,10211.55078,,
13/02/2020,65,10323.96094,,
12/02/2020,61,10202.3877,,
11/02/2020,52,9855.891602,,
10/02/2020,57,10115.55957,,
09/02/2020,56,9863.894531,,
08/02/2020,56,9793.070313,,
07/02/2020,56,9726.00293,,
06/02/2020,61,9617.821289,,
05/02/2020,53,9183.416016,,
04/02/2020,56,9292.841797,,
03/02/2020,59,9344.683594,,
02/02/2020,57,9389.820313,,
01/02/2020,57,9346.357422,,
31/01/2020,55,9508.313477,,
30/01/2020,57,9316.016602,,
29/01/2020,57,9357.470703,,
28/01/2020,54,8912.524414,,
27/01/2020,50,8597.308594,,
26/01/2020,42,8364.410156,,
25/01/2020,41,8440.119141,,
24/01/2020,40,8405.567383,,
23/01/2020,49,8680.650391,,
22/01/2020,52,8744.210938,,
21/01/2020,49,8658.991211,,
20/01/2020,48,8704.631836,,
19/01/2020,53,8941.445313,,
18/01/2020,51,8927.211914,,
17/01/2020,54,8725.209961,,
16/01/2020,55,8812.481445,,
15/01/2020,54,8825.34375,,
14/01/2020,56,8140.933105,,
13/01/2020,49,8189.771973,,
12/01/2020,45,8033.261719,,
11/01/2020,50,8162.190918,,
10/01/2020,41,7878.307617,,
09/01/2020,44,8082.295898,,
08/01/2020,51,8161.935547,,
07/01/2020,40,7768.682129,,
06/01/2020,41,7410.452148,,
05/01/2020,39,7410.45166,,
04/01/2020,38,7345.375488,,
03/01/2020,38,6984.428711,,
02/01/2020,39,7202.55127,,
01/01/2020,37,7194.89209,,
31/12/2019,38,7294.438965,,
30/12/2019,40,7420.272949,,
29/12/2019,37,7317.647461,,
28/12/2019,37,7289.03125,,
27/12/2019,38,7238.141113,,
26/12/2019,39,7274.799316,,
25/12/2019,22,7325.755859,,
24/12/2019,25,7354.393066,,
23/12/2019,33,7508.902344,,
22/12/2019,20,7191.188477,,
21/12/2019,23,7220.59375,,
20/12/2019,23,7208.636719,,
19/12/2019,21,7277.59082,,
18/12/2019,15,6647.698242,,
17/12/2019,23,6931.31543,,
16/12/2019,24,7153.663086,,
15/12/2019,21,7124.239746,,
14/12/2019,27,7268.902832,,
13/12/2019,22,7244.662109,,
12/12/2019,23,7216.73877,,
11/12/2019,20,7277.197754,,
10/12/2019,26,7397.134277,,
09/12/2019,32,7561.79541,,
08/12/2019,28,7551.338867,,
07/12/2019,32,7547.265625,,
06/12/2019,29,7450.561523,,
05/12/2019,21,7253.241699,,
04/12/2019,24,7320.125,,
03/12/2019,28,7323.975586,,
02/12/2019,28,7424.036133,,
01/12/2019,25,7571.616211,,
30/11/2019,38,7764.057129,,
29/11/2019,31,7466.727051,,
28/11/2019,32,7536.820313,,
27/11/2019,20,7220.880859,,
26/11/2019,21,7145.15918,,
25/11/2019,17,7039.977051,,
24/11/2019,21,7398.633789,,
23/11/2019,23,7296.164551,,
22/11/2019,20,7643.569336,,
21/11/2019,30,8023.644531,,
20/11/2019,32,8203.613281,,
19/11/2019,32,8305.134766,,
18/11/2019,38,8573.980469,,
17/11/2019,38,8549.470703,,
16/11/2019,41,8491.166016,,
15/11/2019,38,8705.708008,,
14/11/2019,41,8811.936523,,
13/11/2019,38,8812.033203,,
12/11/2019,39,8759.751953,,
11/11/2019,40,9056.917969,,
10/11/2019,39,8812.489258,,
09/11/2019,38,8809.46875,,
08/11/2019,42,9265.368164,,
07/11/2019,54,9352.393555,,
06/11/2019,53,9340.864258,,
05/11/2019,54,9413.004883,,
04/11/2019,49,9235.607422,,
03/11/2019,56,9324.787109,,
02/11/2019,51,9259.783203,,
01/11/2019,49,9193.992188,,
31/10/2019,50,9202.458008,,
30/10/2019,53,9422.462891,,
29/10/2019,54,9248.44043,,
28/10/2019,52,9565.101563,,
27/10/2019,50,9241.707031,,
26/10/2019,53,8667.577148,,
25/10/2019,24,7490.703125,,
24/10/2019,20,7509.728027,,
23/10/2019,33,8076.228516,,
22/10/2019,39,8243.402344,,
21/10/2019,37,8225.115234,,
20/10/2019,37,7997.807129,,
19/10/2019,41,7973.803711,,
18/10/2019,40,8100.933594,,
17/10/2019,40,8047.8125,,
16/10/2019,40,8204.674805,,
15/10/2019,39,8373.458008,,
14/10/2019,37,8320.832031,,
13/10/2019,38,8336.902344,,
12/10/2019,38,8315.665039,,
11/10/2019,39,8585.262695,,
10/10/2019,41,8585.280273,,
09/10/2019,37,8229.84082,,
08/10/2019,39,8246.849609,,
07/10/2019,27,7989.120605,,
06/10/2019,32,8149.876953,,
05/10/2019,31,8210.149414,,
04/10/2019,30,8259.494141,,
03/10/2019,37,8390.774414,,
02/10/2019,39,8344.212891,,
01/10/2019,38,8299.720703,,
30/09/2019,27,8104.226563,,
29/09/2019,33,8246.037109,,
28/09/2019,32,8251.273438,,
27/09/2019,24,8113.101074,,
26/09/2019,12,8487.669922,,
25/09/2019,15,8603.428711,,
24/09/2019,39,9729.321289,,
23/09/2019,41,10067.96289,,
22/09/2019,37,10024.11523,,
21/09/2019,37,10183.64844,,
20/09/2019,41,10266.31836,,
19/09/2019,31,10200.49609,,
18/09/2019,38,10247.7959,,
17/09/2019,41,10281.51367,,
16/09/2019,38,10347.22266,,
15/09/2019,38,10356.46582,,
14/09/2019,39,10345.40332,,
13/09/2019,38,10415.36231,,
12/09/2019,39,10176.81934,,
11/09/2019,38,10123.03516,,
10/09/2019,41,10336.4082,,
09/09/2019,41,10443.22852,,
08/09/2019,43,10518.11426,,
07/09/2019,39,10353.93164,,
06/09/2019,43,10578.19824,,
05/09/2019,41,10588.18359,,
04/09/2019,43,10621.18066,,
03/09/2019,41,10345.72559,,
02/09/2019,28,9757.473633,,
01/09/2019,24,9630.592773,,
31/08/2019,20,9597.539063,,
30/08/2019,24,9514.844727,,
29/08/2019,20,9756.786133,,
28/08/2019,32,10203.42676,,
27/08/2019,30,10372.82617,,
26/08/2019,41,10126.29981,,
25/08/2019,33,10160.73731,,
24/08/2019,39,10407.64453,,
23/08/2019,33,10136.30957,,
22/08/2019,5,10142.52148,,
21/08/2019,11,10764.57227,,
20/08/2019,39,10916.34668,,
19/08/2019,30,10350.2832,,
18/08/2019,14,10233.00586,,
17/08/2019,20,10358.72266,,
16/08/2019,31,10319.41992,,
15/08/2019,13,10038.42188,,
14/08/2019,11,10889.48731,,
13/08/2019,45,11385.05273,,
12/08/2019,48,11528.18945,,
11/08/2019,45,11349.74023,,
10/08/2019,59,11861.55664,,
09/08/2019,60,11953.46973,,
08/08/2019,61,11954.04004,,
07/08/2019,45,11476.19336,,
06/08/2019,66,11811.54492,,
05/08/2019,64,10960.73535,,
04/08/2019,62,10821.63281,,
03/08/2019,61,10519.27832,,
02/08/2019,61,10402.04297,,
01/08/2019,57,10077.44238,,
31/07/2019,31,9604.050781,,
30/07/2019,22,9522.329102,,
29/07/2019,19,9548.178711,,
28/07/2019,16,9491.626953,,
27/07/2019,47,9871.165039,,
26/07/2019,24,9913.126953,,
25/07/2019,42,9809.09668,,
24/07/2019,20,9887.730469,,
23/07/2019,40,10346.74805,,
22/07/2019,42,10596.94824,,
21/07/2019,42,10777.5293,,
20/07/2019,34,10525.81934,,
19/07/2019,42,10653.95606,,
18/07/2019,40,9698.50293,,
17/07/2019,19,9471.213867,,
16/07/2019,34,10896.65332,,
15/07/2019,16,10257.83887,,
14/07/2019,61,11381.02051,,
13/07/2019,65,11813.12695,,
12/07/2019,33,11354.29981,,
11/07/2019,62,12139.71387,,
10/07/2019,83,12571.53711,,
09/07/2019,84,12284.32617,,
08/07/2019,74,11446.59668,,
07/07/2019,67,11217.61621,,
06/07/2019,72,10982.54395,,
05/07/2019,67,11203.10254,,
04/07/2019,76,11972.71875,,
03/07/2019,79,10818.15625,,
02/07/2019,63,10588.68359,,
01/07/2019,65,10796.93066,,
30/06/2019,78,11931.99121,,
29/06/2019,74,12400.76367,,
28/06/2019,62,11162.16797,,
27/06/2019,92,13017.125,,
26/06/2019,95,11778.58106,,
25/06/2019,87,11007.20215,,
24/06/2019,80,10853.74414,,
23/06/2019,84,10696.69141,,
22/06/2019,83,10175.92383,,
21/06/2019,84,9525.074219,,
20/06/2019,81,9273.060547,,
19/06/2019,82,9078.727539,,
18/06/2019,83,9335.466797,,
17/06/2019,84,8988.923828,,
16/06/2019,80,8841.44043,,
15/06/2019,75,8689.746094,,
14/06/2019,67,8230.898438,,
13/06/2019,63,8145.54541,,
12/06/2019,60,7925.434082,,
11/06/2019,61,8004.243652,,
10/06/2019,46,7692.284668,,
09/06/2019,62,7949.674805,,
08/06/2019,62,8036.774902,,
07/06/2019,27,7826.901367,,
06/06/2019,34,7819.633301,,
05/06/2019,27,7704.343262,,
04/06/2019,42,8210.985352,,
03/06/2019,66,8741.74707,,
02/06/2019,63,8565.473633,,
01/06/2019,62,8573.839844,,
31/05/2019,61,8320.286133,,
30/05/2019,73,8661.760742,,
29/05/2019,71,8718.591797,,
28/05/2019,71,8802.757813,,
27/05/2019,70,8674.072266,,
26/05/2019,67,8055.206055,,
25/05/2019,69,7991.885254,,
24/05/2019,64,7881.695313,,
23/05/2019,65,7677.269043,,
22/05/2019,69,7956.291992,,
21/05/2019,68,7977.969238,,
20/05/2019,73,8196.923828,,
19/05/2019,70,7267.962891,,
18/05/2019,67,7341.664551,,
17/05/2019,65,7886.925781,,
16/05/2019,75,8194.500977,,
15/05/2019,77,7989.374512,,
14/05/2019,78,7807.884277,,
13/05/2019,78,6971.178223,,
12/05/2019,75,7203.507324,,
11/05/2019,76,6379.666992,,
10/05/2019,71,6175.822754,,
09/05/2019,69,5982.316406,,
08/05/2019,63,5849.481445,,
07/05/2019,69,5745.599121,,
06/05/2019,57,5791.693359,,
05/05/2019,67,5831.068359,,
04/05/2019,66,5769.202637,,
03/05/2019,63,5505.552246,,
02/05/2019,50,5402.422852,,
01/05/2019,51,5350.914551,,
30/04/2019,42,5247.726074,,
29/04/2019,42,5284.858398,,
28/04/2019,40,5271.746582,,
27/04/2019,42,5279.471191,,
26/04/2019,41,5210.304688,,
25/04/2019,58,5466.524414,,
24/04/2019,65,5571.508301,,
23/04/2019,68,5399.365723,,
22/04/2019,61,5312.494629,,
21/04/2019,62,5335.878906,,
20/04/2019,62,5304.160645,,
19/04/2019,61,5298.154297,,
18/04/2019,64,5251.480469,,
17/04/2019,61,5236.135254,,
16/04/2019,50,5066.577637,,
15/04/2019,60,5167.321777,,
14/04/2019,51,5095.758789,,
13/04/2019,62,5088.850098,,
12/04/2019,42,5061.200684,,
11/04/2019,65,5325.081543,,
10/04/2019,62,5204.105469,,
09/04/2019,64,5289.917969,,
08/04/2019,65,5199.835449,,
07/04/2019,69,5062.793945,,
06/04/2019,65,5036.792969,,
05/04/2019,59,4922.806152,,
04/04/2019,61,4971.307617,,
03/04/2019,71,4879.958008,,
02/04/2019,60,4156.919434,,
01/04/2019,62,4105.362305,,
31/03/2019,56,4105.456055,,
30/03/2019,57,4092.13623,,
29/03/2019,50,4068.299805,,
28/03/2019,49,4087.584473,,
27/03/2019,44,3984.244873,,
26/03/2019,43,3969.22876,,
25/03/2019,46,4024.112793,,
24/03/2019,44,4035.163574,,
23/03/2019,50,4022.713379,,
22/03/2019,56,4028.514648,,
21/03/2019,62,4083.953857,,
20/03/2019,55,4070.793945,,
19/03/2019,56,4032.691895,,
18/03/2019,56,4029.968506,,
17/03/2019,58,4047.719482,,
16/03/2019,54,3963.900146,,
15/03/2019,55,3926.66333,,
14/03/2019,55,3905.576904,,
13/03/2019,54,3913.047363,,
12/03/2019,56,3903.758301,,
11/03/2019,56,3953.740234,,
10/03/2019,55,3966.174316,,
09/03/2019,55,3894.55249,,
08/03/2019,54,3913.22583,,
07/03/2019,56,3903.384766,,
06/03/2019,42,3897.081055,,
05/03/2019,35,3759.83252,,
04/03/2019,36,3845.091553,,
03/03/2019,44,3862.266113,,
02/03/2019,41,3855.318115,,
01/03/2019,42,3853.75708,,
28/02/2019,39,3848.261963,,
27/02/2019,39,3857.479736,,
26/02/2019,40,3878.697266,,
25/02/2019,47,3807.002441,,
24/02/2019,69,4145.458008,,
23/02/2019,63,3998.91626,,
22/02/2019,61,3952.406494,,
21/02/2019,59,4000.256836,,
20/02/2019,59,3946.685059,,
19/02/2019,65,3911.661621,,
18/02/2019,63,3671.369873,,
17/02/2019,38,3633.359375,,
16/02/2019,43,3615.270264,,
15/02/2019,43,3617.368408,,
14/02/2019,48,3631.170166,,
13/02/2019,48,3653.604004,,
12/02/2019,38,3642.751953,,
11/02/2019,46,3695.613037,,
10/02/2019,40,3673.201416,,
09/02/2019,42,3671.585938,,
08/02/2019,37,3401.376465,,
07/02/2019,18,3414.929443,,
06/02/2019,14,3469.091797,,
05/02/2019,21,3454.950928,,
04/02/2019,27,3467.21167,,
03/02/2019,19,3516.139648,,
02/02/2019,22,3484.625977,,
01/02/2019,23,3460.547119,,
31/01/2019,17,3485.40918,,
30/01/2019,22,3443.896973,,
29/01/2019,21,3468.870117,,
28/01/2019,35,3584.283203,,
27/01/2019,39,3604.687256,,
26/01/2019,41,3599.715332,,
25/01/2019,35,3607.390381,,
24/01/2019,37,3584.500244,,
23/01/2019,33,3605.557129,,
22/01/2019,27,3575.081299,,
21/01/2019,30,3600.372803,,
20/01/2019,35,3725.446045,,
19/01/2019,31,3652.37793,,
18/01/2019,29,3677.990479,,
17/01/2019,28,3651.871094,,
16/01/2019,24,3631.509766,,
15/01/2019,27,3704.216309,,
14/01/2019,16,3557.311035,,
13/01/2019,21,3658.868164,,
12/01/2019,22,3686.973145,,
11/01/2019,19,3674.015381,,
10/01/2019,37,4034.411377,,
09/01/2019,42,4031.552002,,
08/01/2019,39,4028.472168,,
07/01/2019,39,4078.584961,,
06/01/2019,31,3836.519043,,
05/01/2019,36,3851.973877,,
04/01/2019,48,3832.040039,,
03/01/2019,33,3931.048584,,
02/01/2019,30,3849.216309,,
01/01/2019,24,3746.713379,,
31/12/2018,26,3866.839111,,
30/12/2018,23,3822.384766,,
29/12/2018,24,3932.491699,,
28/12/2018,21,3653.131836,,
27/12/2018,29,3854.688477,,
26/12/2018,26,3819.666748,,
25/12/2018,33,4081.030518,,
24/12/2018,25,4000.331787,,
23/12/2018,31,4020.994629,,
22/12/2018,28,3898.08374,,
21/12/2018,35,4133.703613,,
20/12/2018,27,3742.195068,,
19/12/2018,21,3706.824951,,
18/12/2018,23,3544.761475,,
17/12/2018,17,3253.123047,,
16/12/2018,13,3236.274658,,
15/12/2018,11,3243.997559,,
14/12/2018,10,3311.751953,,
13/12/2018,14,3487.879395,,
12/12/2018,14,3421.458252,,
11/12/2018,15,3497.554688,,
10/12/2018,19,3612.046387,,
09/12/2018,14,3473.227539,,
08/12/2018,11,3421.9104,,
07/12/2018,11,3512.590332,,
06/12/2018,13,3754.074463,,
05/12/2018,19,3958.894775,,
04/12/2018,12,3886.294922,,
03/12/2018,17,4147.32373,,
02/12/2018,15,4200.733398,,
01/12/2018,13,4024.464355,,
30/11/2018,19,4289.088867,,
29/11/2018,18,4269.004395,,
28/11/2018,14,3822.469971,,
27/11/2018,11,3765.949951,,
26/11/2018,17,4015.070068,,
25/11/2018,9,3880.780029,,
24/11/2018,15,4347.689941,,
23/11/2018,12,4360.700195,,
22/11/2018,14,4611.569824,,
21/11/2018,15,4465.540039,,
20/11/2018,21,4863.930176,,
19/11/2018,28,5620.779785,,
18/11/2018,26,5559.740234,,
17/11/2018,24,5578.580078,,
16/11/2018,23,5645.319824,,
15/11/2018,28,5736.149902,,
14/11/2018,49,6351.240234,,
13/11/2018,56,6373.189941,,
12/11/2018,52,6411.759766,,
11/11/2018,54,6413.629883,,
10/11/2018,52,6386.129883,,
09/11/2018,47,6442.600098,,
08/11/2018,51,6522.27002,,
07/11/2018,48,6468.5,,
06/11/2018,42,6433.379883,,
05/11/2018,42,6363.620117,,
04/11/2018,41,6365.470215,,
03/11/2018,36,6387.240234,,
02/11/2018,36,6378.919922,,
01/11/2018,29,6318.140137,,
31/10/2018,32,6336.990234,,
30/10/2018,31,6337.040039,,
29/10/2018,34,6492.350098,,
28/10/2018,35,6482.660156,,
27/10/2018,33,6480.839844,,
26/10/2018,29,6468.439941,,
25/10/2018,25,6484.649902,,
24/10/2018,23,6478.890137,,
23/10/2018,24,6472.359863,,
22/10/2018,27,6486.049805,,
21/10/2018,21,6490.089844,,
20/10/2018,21,6460.919922,,
19/10/2018,24,6478.069824,,
18/10/2018,26,6542.330078,,
17/10/2018,23,6590.52002,,
16/10/2018,24,6601.410156,,
15/10/2018,20,6292.640137,,
14/10/2018,18,6288.490234,,
13/10/2018,15,6278.080078,,
12/10/2018,13,6239.25,,
11/10/2018,19,6586.740234,,
10/10/2018,28,6640.290039,,
09/10/2018,31,6653.080078,,
08/10/2018,26,6600.189941,,
07/10/2018,29,6590.680176,,
06/10/2018,34,6622.450195,,
05/10/2018,37,6574.149902,,
04/10/2018,29,6497.910156,,
03/10/2018,36,6553.859863,,
02/10/2018,33,6593.240234,,
01/10/2018,35,6619.850098,,
30/09/2018,34,6604.709961,,
29/09/2018,37,6643.100098,,
28/09/2018,42,6678.75,,
27/09/2018,42,6495.290039,,
26/09/2018,37,6452.790039,,
25/09/2018,37,6603.640137,,
24/09/2018,43,6704.77002,,
23/09/2018,38,6715.319824,,
22/09/2018,35,6735.049805,,
21/09/2018,31,6513.870117,,
20/09/2018,24,6398.850098,,
19/09/2018,24,6371.850098,,
18/09/2018,21,6280.910156,,
17/09/2018,25,6514.060059,,
16/09/2018,28,6536.680176,,
15/09/2018,24,6509.399902,,
14/09/2018,23,6515.410156,,
13/09/2018,20,6354.240234,,
12/09/2018,14,6317.009766,,
11/09/2018,18,6331.879883,,
10/09/2018,15,6301.569824,,
09/09/2018,13,6223.379883,,
08/09/2018,18,6460.169922,,
07/09/2018,17,6528.919922,,
06/09/2018,14,6755.140137,,
05/09/2018,17,7361.459961,,
04/09/2018,26,7263,,
03/09/2018,19,7279.029785,,
02/09/2018,18,7189.580078,,
01/09/2018,21,7044.810059,,
31/08/2018,17,6973.970215,,
30/08/2018,22,7043.759766,,
29/08/2018,19,7091.709961,,
28/08/2018,19,6891.080078,,
27/08/2018,18,6710.799805,,
26/08/2018,19,6754.640137,,
25/08/2018,22,6719.950195,,
24/08/2018,19,6551.52002,,
23/08/2018,18,6371.339844,,
22/08/2018,21,6486.25,,
21/08/2018,19,6301.069824,,
20/08/2018,26,6500.509766,,
19/08/2018,27,6422.569824,,
18/08/2018,24,6583.430176,,
17/08/2018,19,6340.910156,,
16/08/2018,21,6294.22998,,
15/08/2018,18,6221.419922,,
14/08/2018,16,6287.660156,,
13/08/2018,21,6341.359863,,
12/08/2018,18,6283.649902,,
11/08/2018,18,6185.790039,,
10/08/2018,21,6571.419922,,
09/08/2018,19,6305.560059,,
08/08/2018,23,6746.850098,,
07/08/2018,25,6958.319824,,
06/08/2018,25,7062.939941,,
05/08/2018,23,7031.080078,,
04/08/2018,31,7438.669922,,
03/08/2018,36,7562.140137,,
02/08/2018,39,7634.189941,,
01/08/2018,39,7769.040039,,
31/07/2018,48,8181.200195,,
30/07/2018,53,8221.580078,,
29/07/2018,54,8205.820313,,
28/07/2018,54,8169.060059,,
27/07/2018,47,7950.399902,,
26/07/2018,53,8176.850098,,
25/07/2018,54,8379.660156,,
24/07/2018,49,7716.509766,,
23/07/2018,44,7414.709961,,
22/07/2018,46,7417.799805,,
21/07/2018,43,7352.720215,,
20/07/2018,47,7467.399902,,
19/07/2018,44,7378.200195,,
18/07/2018,42,7315.319824,,
17/07/2018,39,6739.649902,,
16/07/2018,36,6357.009766,,
15/07/2018,32,6272.700195,,
14/07/2018,29,6247.5,,
13/07/2018,29,6235.029785,,
12/07/2018,33,6396.779785,,
11/07/2018,29,6330.77002,,
10/07/2018,37,6739.209961,,
09/07/2018,39,6775.080078,,
08/07/2018,38,6857.799805,,
07/07/2018,34,6668.709961,,
06/07/2018,34,6638.689941,,
05/07/2018,37,6599.709961,,
04/07/2018,33,6550.870117,,
03/07/2018,31,6596.660156,,
02/07/2018,27,6380.379883,,
01/07/2018,27,6411.680176,,
30/06/2018,22,6214.220215,,
29/06/2018,16,5898.129883,,
28/06/2018,20,6153.160156,,
27/06/2018,18,6084.399902,,
26/06/2018,21,6253.549805,,
25/06/2018,16,6171.970215,,
24/06/2018,15,6164.279785,,
23/06/2018,17,6090.100098,,
22/06/2018,28,6737.879883,,
21/06/2018,37,6780.089844,,
20/06/2018,34,6770.759766,,
19/06/2018,32,6742.390137,,
18/06/2018,27,6510.069824,,
17/06/2018,23,6545.529785,,
16/06/2018,22,6455.450195,,
15/06/2018,26,6674.080078,,
14/06/2018,17,6342.75,,
13/06/2018,19,6596.879883,,
12/06/2018,19,6905.819824,,
11/06/2018,15,6799.290039,,
10/06/2018,24,7499.549805,,
09/06/2018,39,7632.52002,,
08/06/2018,40,7685.140137,,
07/06/2018,38,7650.819824,,
06/06/2018,42,7625.970215,,
05/06/2018,26,7500.899902,,
04/06/2018,41,7722.529785,,
03/06/2018,40,7632.089844,,
02/06/2018,27,7536.720215,,
01/06/2018,24,7500.700195,,
31/05/2018,25,7406.149902,,
30/05/2018,38,7469.72998,,
29/05/2018,16,7129.459961,,
28/05/2018,22,7371.310059,,
27/05/2018,19,7362.080078,,
26/05/2018,23,7486.47998,,
25/05/2018,25,7592.299805,,
24/05/2018,27,7561.120117,,
23/05/2018,26,8037.080078,,
22/05/2018,30,8419.870117,,
21/05/2018,41,8522.330078,,
20/05/2018,32,8246.990234,,
19/05/2018,31,8255.730469,,
18/05/2018,37,8091.830078,,
17/05/2018,31,8370.049805,,
16/05/2018,32,8504.410156,,
15/05/2018,40,8705.19043,,
14/05/2018,40,8713.099609,,
13/05/2018,40,8515.490234,,
12/05/2018,44,8441.44043,,
11/05/2018,41,9052.959961,,
10/05/2018,63,9325.959961,,
09/05/2018,53,9223.730469,,
08/05/2018,62,9380.870117,,
07/05/2018,56,9645.669922,,
06/05/2018,67,9845.30957,,
05/05/2018,63,9700.280273,,
04/05/2018,56,9695.5,,
03/05/2018,55,9233.969727,,
02/05/2018,52,9104.599609,,
01/05/2018,56,9251.469727,,
30/04/2018,59,9426.110352,,
29/04/2018,61,9346.410156,,
28/04/2018,54,8939.269531,,
27/04/2018,55,9290.629883,,
26/04/2018,47,8867.320313,,
25/04/2018,64,9701.030273,,
24/04/2018,29,8934.339844,,
23/04/2018,28,8794.389648,,
22/04/2018,31,8925.05957,,
21/04/2018,32,8848.790039,,
20/04/2018,26,8286.879883,,
19/04/2018,25,8159.27002,,
18/04/2018,24,7944.430176,,
17/04/2018,26,8071.660156,,
13/04/2018,23,7901.089844,,
12/04/2018,18,6955.379883,,
11/04/2018,20,6843.470215,,
10/04/2018,18,6795.439941,,
09/04/2018,21,7044.319824,,
08/04/2018,17,6919.97998,,
07/04/2018,20,6630.509766,,
06/04/2018,19,6815.959961,,
05/04/2018,17,6848.649902,,
04/04/2018,22,7456.410156,,
03/04/2018,22,7102.259766,,
02/04/2018,11,6844.859863,,
01/04/2018,16,7003.060059,,
31/03/2018,16,6892.47998,,
30/03/2018,12,7171.450195,,
29/03/2018,18,7979.069824,,
28/03/2018,24,7836.830078,,
27/03/2018,24,8200,,
26/03/2018,31,8498.469727,,
25/03/2018,30,8612.80957,,
24/03/2018,32,8901.950195,,
23/03/2018,28,8736.25,,
22/03/2018,36,8939.44043,,
21/03/2018,36,8937.480469,,
20/03/2018,37,8619.669922,,
19/03/2018,29,8344.120117,,
18/03/2018,29,7890.52002,,
17/03/2018,31,8321.910156,,
16/03/2018,33,8322.910156,,
15/03/2018,32,8290.759766,,
14/03/2018,40,9214.650391,,
13/03/2018,41,9173.040039,,
12/03/2018,41,9602.929688,,
11/03/2018,40,8852.780273,,
10/03/2018,39,9350.589844,,
09/03/2018,37,9414.69043,,
08/03/2018,39,9951.44043,,
07/03/2018,37,10803.90039,,
06/03/2018,59,11500.09961,,
05/03/2018,55,11532.40039,,
04/03/2018,44,11497.40039,,
03/03/2018,56,11101.90039,,
02/03/2018,47,10977.40039,,
01/03/2018,38,10385,,
28/02/2018,41,10687.2002,,
27/02/2018,44,10393.90039,,
26/02/2018,37,9669.429688,,
25/02/2018,33,9796.419922,,
24/02/2018,31,10287.7002,,
23/02/2018,39,9937.070313,,
22/02/2018,44,10660.40039,,
21/02/2018,54,11372.2002,,
20/02/2018,74,11231.79981,,
19/02/2018,67,10552.59961,,
18/02/2018,63,11123.40039,,
17/02/2018,74,10207.5,,
16/02/2018,67,10135.7002,,
15/02/2018,71,9488.320313,,
14/02/2018,55,8599.919922,,
13/02/2018,35,8926.719727,,
12/02/2018,42,8141.430176,,
11/02/2018,31,8616.129883,,
10/02/2018,54,8720.080078,,
09/02/2018,44,8271.839844,,
08/02/2018,30,7637.859863,,
07/02/2018,36,7755.490234,,
06/02/2018,8,7051.75,,
05/02/2018,11,8270.540039,,
04/02/2018,24,9175.700195,,
03/02/2018,40,8852.120117,,
02/02/2018,15,9142.280273,,
01/02/2018,30,10237.29981,,
