,0,1,2,3,4,5,6,7,8,9,10,11,12,13,14,15,16,17,18,19,20,21,22,23,24,25,26,27,28,29,30,31,32,33,34,35,36,37,38,39,40,41,42,43,44,45,46,47,48,49,50,51,52,53,54,55,56,57,58,59,60,61,62,63,64,65,66,67,68,69,70,71,72,73,74,75,76,77,78,79,80,81,82,83,84,85,86,87,88,89,90,91,92,93,94,95,96,97,98
0,,,,,,,,,,,,,,,,,,,,,,,,,,,,,,,,,,,,,,,,,,,,,,,,,,,,,,,,,,,,,,,,,,,,,,,,,,,,,,,,,,,,,,,,,,,,,,,,,,,
1,1683.0579323819265,,,,,,,,,,,,,,,,,,,,,,,,,,,,,,,,,,,,,,,,,,,,,,,,,,,,,,,,,,,,,,,,,,,,,,,,,,,,,,,,,,,,,,,,,,,,,,,,,,
2,1683.0579323819265,1683.0579323819265,,,,,,,,,,,,,,,,,,,,,,,,,,,,,,,,,,,,,,,,,,,,,,,,,,,,,,,,,,,,,,,,,,,,,,,,,,,,,,,,,,,,,,,,,,,,,,,,,
3,1683.0579323819265,1683.0579323819265,1683.0579323819265,,,,,,,,,,,,,,,,,,,,,,,,,,,,,,,,,,,,,,,,,,,,,,,,,,,,,,,,,,,,,,,,,,,,,,,,,,,,,,,,,,,,,,,,,,,,,,,,
4,1683.0579323819265,1683.0579323819265,1683.0579323819265,1683.0579323819265,,,,,,,,,,,,,,,,,,,,,,,,,,,,,,,,,,,,,,,,,,,,,,,,,,,,,,,,,,,,,,,,,,,,,,,,,,,,,,,,,,,,,,,,,,,,,,,
5,1683.0579323819265,1683.0579323819265,1683.0579323819265,1683.0579323819265,1683.0579323819265,,,,,,,,,,,,,,,,,,,,,,,,,,,,,,,,,,,,,,,,,,,,,,,,,,,,,,,,,,,,,,,,,,,,,,,,,,,,,,,,,,,,,,,,,,,,,,
6,1683.0579323819265,1683.0579323819265,1683.0579323819265,1683.0579323819265,1683.0579323819265,1641.179892357212,,,,,,,,,,,,,,,,,,,,,,,,,,,,,,,,,,,,,,,,,,,,,,,,,,,,,,,,,,,,,,,,,,,,,,,,,,,,,,,,,,,,,,,,,,,,,
7,1683.0579323819265,1683.0579323819265,1683.0579323819265,1683.0579323819265,1683.0579323819265,1641.179892357212,1598.2415649071115,,,,,,,,,,,,,,,,,,,,,,,,,,,,,,,,,,,,,,,,,,,,,,,,,,,,,,,,,,,,,,,,,,,,,,,,,,,,,,,,,,,,,,,,,,,,
8,1683.0579323819265,1683.0579323819265,1683.0579323819265,1683.0579323819265,1683.0579323819265,1641.179892357212,1598.2415649071115,1792.280612032404,,,,,,,,,,,,,,,,,,,,,,,,,,,,,,,,,,,,,,,,,,,,,,,,,,,,,,,,,,,,,,,,,,,,,,,,,,,,,,,,,,,,,,,,,,,
9,1683.0579323819265,1683.0579323819265,1683.0579323819265,1683.0579323819265,1683.0579323819265,1641.179892357212,1598.2415649071115,1792.280612032404,1472.2618076992428,,,,,,,,,,,,,,,,,,,,,,,,,,,,,,,,,,,,,,,,,,,,,,,,,,,,,,,,,,,,,,,,,,,,,,,,,,,,,,,,,,,,,,,,,,
10,1683.0579323819265,1683.0579323819265,1683.0579323819265,1683.0579323819265,1683.0579323819265,1641.179892357212,1577.7315632323373,1793.0472680533633,1472.9275129996167,1393.6054630426945,,,,,,,,,,,,,,,,,,,,,,,,,,,,,,,,,,,,,,,,,,,,,,,,,,,,,,,,,,,,,,,,,,,,,,,,,,,,,,,,,,,,,,,,,
11,1683.0579323819265,1683.0579323819265,1683.0579323819265,1683.0579323819265,1683.0579323819265,1641.179892357212,1577.7315632323373,1793.0472680533633,1472.9275129996167,1304.1892969495152,167.71929444938905,,,,,,,,,,,,,,,,,,,,,,,,,,,,,,,,,,,,,,,,,,,,,,,,,,,,,,,,,,,,,,,,,,,,,,,,,,,,,,,,,,,,,,,,
12,1683.0579323819265,1683.0579323819265,1683.0579323819265,1683.0579323819265,1683.0579323819265,1641.179892357212,1516.2517473461323,1726.392526579845,1406.7431123197978,1157.5123122272607,250.52563416773057,690.3067629050825,,,,,,,,,,,,,,,,,,,,,,,,,,,,,,,,,,,,,,,,,,,,,,,,,,,,,,,,,,,,,,,,,,,,,,,,,,,,,,,,,,,,,,,
13,1683.0579323819265,1683.0579323819265,1683.0579323819265,1683.0579323819265,1683.0579323819265,1641.179892357212,1516.2517473461323,1726.392526579845,990.535118098956,753.9228226443644,206.36364625995407,644.6683414524083,559.7394025403747,,,,,,,,,,,,,,,,,,,,,,,,,,,,,,,,,,,,,,,,,,,,,,,,,,,,,,,,,,,,,,,,,,,,,,,,,,,,,,,,,,,,,,
14,1683.0579323819265,1683.0579323819265,1683.0579323819265,1683.0579323819265,1683.0579323819265,1641.179892357212,1516.2517473461323,1726.392526579845,961.8952964301479,729.2216052108323,173.83947510015514,572.2136497624325,500.6935783932171,342.52968847574766,,,,,,,,,,,,,,,,,,,,,,,,,,,,,,,,,,,,,,,,,,,,,,,,,,,,,,,,,,,,,,,,,,,,,,,,,,,,,,,,,,,,,
15,1683.0579323819265,1683.0579323819265,1683.0579323819265,1683.0579323819265,1683.0579323819265,1641.179892357212,1639.7487872362133,1860.2846527673153,825.6714452753076,700.8334202733765,110.07943706776882,396.40878221015373,502.02487913045604,214.47624239935806,964.4873953931219,,,,,,,,,,,,,,,,,,,,,,,,,,,,,,,,,,,,,,,,,,,,,,,,,,,,,,,,,,,,,,,,,,,,,,,,,,,,,,,,,,,,
16,1683.0579323819265,1683.0579323819265,1683.0579323819265,1683.0579323819265,1683.0579323819265,1641.179892357212,1639.7487872362133,1860.2846527673153,825.6714452753076,700.8334202733765,116.61620050464126,404.57784980429926,717.4571959429927,397.9033069832584,1266.3714197029346,1109.6008940431768,,,,,,,,,,,,,,,,,,,,,,,,,,,,,,,,,,,,,,,,,,,,,,,,,,,,,,,,,,,,,,,,,,,,,,,,,,,,,,,,,,,
17,1683.0579323819265,1683.0579323819265,1683.0579323819265,1683.0579323819265,1683.0579323819265,1641.179892357212,1639.7487872362133,1860.2846527673153,821.8324907726983,697.2669452885948,114.4728582123048,401.90668501457174,753.3148093697041,425.72969690762795,1316.3151978900778,1127.8837298898734,531.9106199354319,,,,,,,,,,,,,,,,,,,,,,,,,,,,,,,,,,,,,,,,,,,,,,,,,,,,,,,,,,,,,,,,,,,,,,,,,,,,,,,,,,
18,1683.0579323819265,1683.0579323819265,1683.0579323819265,1683.0579323819265,1683.0579323819265,1641.179892357212,1639.7487872362133,1860.2846527673153,1587.5549412052876,1266.5598792583685,373.65091904375197,523.7808769810202,906.2537273575244,707.4823059402522,1811.4787579318104,1566.3828768688156,860.8067895103986,698.8226175056551,,,,,,,,,,,,,,,,,,,,,,,,,,,,,,,,,,,,,,,,,,,,,,,,,,,,,,,,,,,,,,,,,,,,,,,,,,,,,,,,,
19,1683.0579323819265,1683.0579323819265,1683.0579323819265,1683.0579323819265,1683.0579323819265,1641.179892357212,1639.7487872362133,1860.2846527673153,1587.5549412052876,1256.0402280181975,303.9578859270433,448.0894331348177,811.5576589733801,750.2143246107003,2129.135847235306,1887.8334474947144,1042.2658388152524,861.0364629304731,460.9824178037445,,,,,,,,,,,,,,,,,,,,,,,,,,,,,,,,,,,,,,,,,,,,,,,,,,,,,,,,,,,,,,,,,,,,,,,,,,,,,,,,
20,1683.0579323819265,1683.0579323819265,1683.0579323819265,1683.0579323819265,1683.0579323819265,1641.179892357212,1470.048376685006,1676.300090839262,1421.9059932699718,1551.2403820236204,492.8492848480364,1032.706034728493,1459.056926165328,1145.3184431868542,2728.568611308495,2455.2650512366376,1445.321174680587,1441.6361202725814,944.765194683617,838.7972183414877,,,,,,,,,,,,,,,,,,,,,,,,,,,,,,,,,,,,,,,,,,,,,,,,,,,,,,,,,,,,,,,,,,,,,,,,,,,,,,,
21,1683.0579323819265,1683.0579323819265,1683.0579323819265,1683.0579323819265,1683.0579323819265,1641.179892357212,1461.1291975591764,1666.6301598185094,1444.5224250403498,1575.0392563359032,507.1448382037265,1052.1489696447716,1482.5269448363917,1015.7473762866211,2501.90463688195,2246.7540668637184,1299.6544435462492,1239.8775986751018,890.296748348941,786.9837975830819,-69.8273912975099,,,,,,,,,,,,,,,,,,,,,,,,,,,,,,,,,,,,,,,,,,,,,,,,,,,,,,,,,,,,,,,,,,,,,,,,,,,,,,
22,1683.0579323819265,1683.0579323819265,1683.0579323819265,1683.0579323819265,1683.0579323819265,1641.179892357212,1461.1291975591764,1666.6301598185094,1392.309979500199,1520.097016040752,468.1639546492952,999.3169265439808,1418.75215757586,966.986820233785,2416.4016930846983,2170.110601686763,1303.5239678397293,853.1188273571331,882.4901793371064,1093.7808318183495,129.3900293731503,-31.095375657528223,,,,,,,,,,,,,,,,,,,,,,,,,,,,,,,,,,,,,,,,,,,,,,,,,,,,,,,,,,,,,,,,,,,,,,,,,,,,,
23,1683.0579323819265,1683.0579323819265,1683.0579323819265,1683.0579323819265,1683.0579323819265,1641.179892357212,1461.1291975591764,1666.6301598185094,1325.8220880367064,1450.1329744848763,532.8366972689814,878.8709693884537,1272.3345267512168,847.8799526175917,2208.9452336096647,1718.1744715259058,961.2298913749266,845.898239153217,960.2640549764958,1401.5474558160327,161.40120715036358,-42.08232576485511,-113.099387102149,,,,,,,,,,,,,,,,,,,,,,,,,,,,,,,,,,,,,,,,,,,,,,,,,,,,,,,,,,,,,,,,,,,,,,,,,,,,
24,1683.0579323819265,1683.0579323819265,1683.0579323819265,1683.0579323819265,1683.0579323819265,1641.179892357212,1461.1291975591764,1666.6301598185094,1325.8220880367064,1321.925441613718,328.12198245084494,587.949049880702,920.4879331272118,567.0453417025221,1716.916892529382,1220.0182631814562,609.6190219688318,515.1513619209444,607.8868797097527,974.4429486110835,116.16276834612023,64.73049329249375,28.98319688716134,34.715873872492324,,,,,,,,,,,,,,,,,,,,,,,,,,,,,,,,,,,,,,,,,,,,,,,,,,,,,,,,,,,,,,,,,,,,,,,,,,,
25,1683.0579323819265,1683.0579323819265,1683.0579323819265,1683.0579323819265,1683.0579323819265,1641.179892357212,1380.1636612494037,1578.8495311162098,1212.4202679210466,1208.8904389625338,335.8088120949825,701.9913180725907,1024.6891782288628,598.300375395492,1771.7135216547701,1658.414950308418,901.9326406183757,786.8054501605407,899.4455509995714,1067.4469637832503,67.71398022300139,74.3005773547996,19.179781135676194,32.463212604820455,151.31353474610557,,,,,,,,,,,,,,,,,,,,,,,,,,,,,,,,,,,,,,,,,,,,,,,,,,,,,,,,,,,,,,,,,,,,,,,,,,
26,1683.0579323819265,1683.0579323819265,1683.0579323819265,1683.0579323819265,1683.0579323819265,1641.179892357212,1380.1636612494037,1578.8495311162098,1212.4202679210466,1208.8904389625338,335.8088120949825,701.9913180725907,1024.6891782288628,598.300375395492,1771.7135216547701,1658.414950308418,899.115210801014,784.1909682192588,896.6497945978417,1064.4096906108252,72.95900096264029,70.54718000232168,34.44108660717541,126.19418005383056,231.2939674414576,320.61679108335505,,,,,,,,,,,,,,,,,,,,,,,,,,,,,,,,,,,,,,,,,,,,,,,,,,,,,,,,,,,,,,,,,,,,,,,,,
27,1683.0579323819265,1683.0579323819265,1683.0579323819265,1683.0579323819265,1683.0579323819265,1641.179892357212,1380.1636612494037,1578.8495311162098,1212.4202679210466,1208.8904389625338,335.8088120949825,554.6919842417421,849.0781563108198,472.50518885052634,1552.1458798746855,1509.220196218482,792.7828119372964,690.3583281696183,797.1202641666691,956.1887712337841,53.6279469780161,66.3610003141643,41.5464392295475,108.27412225934813,323.40823745664784,396.1240807238378,246.94887445584874,,,,,,,,,,,,,,,,,,,,,,,,,,,,,,,,,,,,,,,,,,,,,,,,,,,,,,,,,,,,,,,,,,,,,,,,
28,1683.0579323819265,1683.0579323819265,1683.0579323819265,1683.0579323819265,1683.0579323819265,1641.179892357212,1380.1636612494037,1578.8495311162098,1212.4202679210466,1001.5836203516525,292.627759500288,506.01783092057326,790.5362900056386,592.0538462826275,1762.0290262969274,1404.1339980759342,659.616517027711,554.5359364879544,755.5059367035826,931.0048251384515,484.30821348343795,120.1325189833168,68.209318521476,188.62289562081753,434.00844302014315,527.9046412970615,386.9178510543944,151.22469417601855,,,,,,,,,,,,,,,,,,,,,,,,,,,,,,,,,,,,,,,,,,,,,,,,,,,,,,,,,,,,,,,,,,,,,,,
29,1683.0579323819265,1683.0579323819265,1683.0579323819265,1683.0579323819265,1683.0579323819265,1641.179892357212,1380.1636612494037,1578.8495311162098,935.0266113065163,751.274579060971,67.01560471429536,244.81166266817786,480.50826893967974,323.0745722443186,1290.340504331255,998.4852535366924,412.18583054473595,324.3038440828067,494.6119452088151,644.3870383683355,396.175579240994,186.49036904077502,147.56715887854318,576.1765102507956,890.2187282108381,1087.6459771500963,1026.6148194154744,696.1463205991478,676.474144738253,,,,,,,,,,,,,,,,,,,,,,,,,,,,,,,,,,,,,,,,,,,,,,,,,,,,,,,,,,,,,,,,,,,,,,
30,1683.0579323819265,1683.0579323819265,1683.0579323819265,1683.0579323819265,1683.0579323819265,1641.179892357212,1380.1636612494037,1578.8495311162098,935.0266113065163,751.274579060971,169.18260848433522,364.58605682254347,622.6696070217549,446.21553395049614,1506.2798855506521,1081.0252606746897,581.1775737910891,481.5661098046311,674.0238472730205,841.5072957895716,482.2145086221458,333.66088576548873,286.3095491005058,670.6438640011118,988.9530471101231,1440.5863236594735,1577.4863097266032,1110.5917596966528,928.5953095989173,789.6446075130273,,,,,,,,,,,,,,,,,,,,,,,,,,,,,,,,,,,,,,,,,,,,,,,,,,,,,,,,,,,,,,,,,,,,,
31,2101.3380171349518,2101.3380171349518,2101.3380171349518,2101.3380171349518,2101.3380171349518,2052.906901728433,1643.9454746583972,1864.706689670147,1149.820638013041,945.7544853412346,300.7335411495005,518.5863499830504,806.2205563152295,610.1669473228042,1649.1197857335342,1165.6806795372302,646.5442591129387,542.797350133673,744.0385977947006,919.912901374742,546.6078790228127,367.1054048433672,319.05063918351664,714.7633741986061,1045.2688738149789,1431.4472801039633,1574.9208974952526,1115.95140264615,936.9753667276548,795.0272704120664,631.8204547071551,,,,,,,,,,,,,,,,,,,,,,,,,,,,,,,,,,,,,,,,,,,,,,,,,,,,,,,,,,,,,,,,,,,,
32,2101.3380171349518,2101.3380171349518,2101.3380171349518,2101.3380171349518,2101.3380171349518,2052.906901728433,1661.8531333598528,1884.1216853713524,1164.2726721135132,958.79542811022,309.0665903472145,446.85669058881626,720.6138585349422,485.2249300901559,1642.3880590099247,1174.2810234289702,548.5427463481115,450.7838056040438,640.0747360983378,805.331368799486,315.89293138378775,156.25946132053036,117.11886960452034,449.9274401256213,732.1326231247422,1280.3903566007914,1529.0935456310247,1074.5921293847525,935.504997614763,748.652875266743,667.0275674807548,926.4339909815083,,,,,,,,,,,,,,,,,,,,,,,,,,,,,,,,,,,,,,,,,,,,,,,,,,,,,,,,,,,,,,,,,,,
33,2101.3380171349518,2101.3380171349518,2101.3380171349518,2101.3380171349518,2101.3380171349518,2052.906901728433,1661.8531333598528,1884.1216853713524,1164.2726721135132,958.79542811022,238.97378146995914,251.92422398334475,489.4520154734761,286.73132530958344,1285.216201754409,874.2233315072506,337.2931163896444,219.43984839102438,377.87727122306717,516.7073091049338,110.77906804897873,24.03269773559748,-10.292385181051714,283.3644813715807,533.3525002883566,1016.5092051119814,1140.079036707705,762.5796963367573,1054.3219204170155,831.5667874216132,810.769540351105,1101.9794908945157,1252.094496340889,,,,,,,,,,,,,,,,,,,,,,,,,,,,,,,,,,,,,,,,,,,,,,,,,,,,,,,,,,,,,,,,,,
34,2101.3380171349518,2101.3380171349518,2101.3380171349518,2101.3380171349518,2101.3380171349518,1973.868844008309,1593.010135499156,1809.4839825981337,1108.573651150792,908.5323406474781,209.12176231596538,222.13317434445457,444.83972033482746,248.26867464953943,1215.7271549845689,860.0990685501949,327.3210508239854,210.2469439284863,367.48336128823655,505.23519160138335,81.16849420701669,82.57797433102644,54.04337540981146,367.58494641380605,648.4996570246763,1405.5122930112398,1391.7655002983224,1067.7873135754082,1405.9233076816113,1234.0451661402187,1443.8422120481218,1866.0504528358103,2079.198037249545,2426.958394000061,,,,,,,,,,,,,,,,,,,,,,,,,,,,,,,,,,,,,,,,,,,,,,,,,,,,,,,,,,,,,,,,,
35,2101.3380171349518,2101.3380171349518,2101.3380171349518,2101.3380171349518,2101.3380171349518,1973.868844008309,1527.5584615160553,1738.523060782304,1055.7521271254368,860.8682909368083,180.34012064610863,193.26843637584466,410.7798774285566,219.17168552537305,1163.072218814832,813.928766810729,447.51483119604404,319.4585848592121,491.1457478143908,704.4280900604954,335.0284112295701,332.3253256561418,295.1247960178076,683.8267026137647,1027.5174459342184,1983.6978716536787,2256.5876987887054,1779.8838934165979,2236.989710337554,2017.6674180069608,2526.072484624482,3126.3906530959757,3211.8224418672785,3600.265627249175,2929.2611450498052,,,,,,,,,,,,,,,,,,,,,,,,,,,,,,,,,,,,,,,,,,,,,,,,,,,,,,,,,,,,,,,,
36,2101.3380171349518,2101.3380171349518,2101.3380171349518,2101.3380171349518,2101.3380171349518,1973.868844008309,1527.5584615160553,1738.523060782304,1055.7521271254368,1005.65517913878,271.55487547570897,284.828093355599,519.3892469827015,336.5029809372704,1374.18743903952,989.3800229311323,646.2592977879515,499.95487799245893,695.6018469077856,939.0805221254216,516.96075624034,612.2043450972167,566.707361780678,1040.2709536603866,1455.767729351815,2316.9357533736948,2620.4529828390573,2151.2760186454298,2764.15136524896,2601.6158800141607,3187.058944181736,3879.8512390015344,3981.5330741205235,4444.879922401369,3633.7928530288673,3553.4737760545004,,,,,,,,,,,,,,,,,,,,,,,,,,,,,,,,,,,,,,,,,,,,,,,,,,,,,,,,,,,,,,,
37,2101.3380171349518,2101.3380171349518,2101.3380171349518,2101.3380171349518,2101.3380171349518,1973.868844008309,1527.5584615160553,1738.523060782304,928.5383682817376,881.56860119352,193.29273473498017,205.82163929051706,425.7408798147735,256.8443486727351,1231.8078514711021,870.2395878948298,547.8496450159803,410.38840802461937,594.2031771623318,822.9630070858082,426.35681848703837,515.843736224213,473.09666156856554,918.0340875954939,1308.4485275523132,2117.565894165644,2402.7192109780535,1961.9000345601578,2537.719323712654,2197.4139630492273,3094.468268938722,3775.5401302637338,3875.153208849956,4471.907589273567,3655.1422739338745,3574.421601155621,3875.227982979657,,,,,,,,,,,,,,,,,,,,,,,,,,,,,,,,,,,,,,,,,,,,,,,,,,,,,,,,,,,,,,
38,2101.3380171349518,2101.3380171349518,2101.3380171349518,2101.3380171349518,2101.3380171349518,1973.868844008309,1527.5584615160553,1738.523060782304,928.5383682817376,881.56860119352,167.91000800101767,180.36562936207793,395.7032712930543,230.63431136972576,1026.8246171475892,828.2508544707621,507.60485161943075,390.01434127145717,571.0661127139335,796.9087748070735,407.06814072113923,496.35911022794755,454.2353443484118,894.6668564643526,1280.6670493993743,2078.619620011429,2360.281498556459,1925.9953603693066,2164.900014395123,1914.434527874348,2734.890505603145,3051.393102806461,3137.1382921166096,3646.550839637866,3263.2641370839156,3257.0780105159265,3437.774463506044,3514.258089121084,,,,,,,,,,,,,,,,,,,,,,,,,,,,,,,,,,,,,,,,,,,,,,,,,,,,,,,,,,,,,
39,2101.3380171349518,2101.3380171349518,2101.3380171349518,2101.3380171349518,2101.3380171349518,1973.868844008309,1527.5584615160553,1738.523060782304,928.5383682817376,881.56860119352,490.5349876695059,504.91973502693577,769.4882523351268,559.1888695454284,1577.607868018063,1350.2113714156433,889.9928810531806,1051.3777213647318,1322.2512799905694,1659.0666736059507,868.9446565298629,788.077125788514,735.7719722102163,1246.9956193744258,1771.0305625922608,2502.0787605034766,2801.8120154692137,2305.199115099244,2575.518272359741,2299.848044160599,3240.598361543015,3601.5005004107684,3698.150004288403,4058.5056025684203,3636.2127630139553,3627.892054811189,3825.132412339143,3743.151262050793,2065.8179073538886,,,,,,,,,,,,,,,,,,,,,,,,,,,,,,,,,,,,,,,,,,,,,,,,,,,,,,,,,,,,
40,2101.3380171349518,2101.3380171349518,2101.3380171349518,2101.3380171349518,2101.3380171349518,2055.9036899633875,1602.386581715267,1819.6496701407248,985.2941769370558,936.8170693865454,534.0382936013002,592.7219757324598,821.7297963189633,604.8452107928738,1658.8449138003605,1204.2523671625543,773.1373525128722,924.863964214552,1179.1011351367147,1494.8271656375775,752.0859659764135,675.3176967546013,626.1280878272254,1104.2131730276362,1594.391511130218,2281.6273920099175,2563.621678595384,2242.746956091859,2507.9302639715456,2508.8554055398886,3376.1192870030504,3804.6317142877656,3905.8146916056216,4358.349621983621,3906.9925466459563,3896.990242299963,4106.335293313035,4901.926245686118,2981.946400890724,2925.7965931447116,,,,,,,,,,,,,,,,,,,,,,,,,,,,,,,,,,,,,,,,,,,,,,,,,,,,,,,,,,,
41,2318.1993807914932,2318.1993807914932,2318.1993807914932,2318.1993807914932,2318.1993807914932,2269.5777767538507,1784.2458562816664,2016.7502316084656,1529.9491100116015,1467.8598189402696,951.9823272597409,728.4135931549015,978.5018816285055,741.6527877782878,1892.6745349908992,1399.3299672650485,739.4287015265215,888.6968879689946,1139.2134843205008,1450.1130061053805,1149.136861868259,1278.955036213427,1345.3533558356564,2040.800879859997,2375.200767789626,2985.1461435570445,3330.266190920213,2918.9091229245882,3240.758314869341,2727.5020116883293,3654.9701236595256,3462.8670798732087,3504.7343466767647,3853.393087015504,3462.471140214843,3454.6926831049495,3645.182867300698,4498.098033560431,2972.487083761529,2925.2286548305256,1968.2817945766187,,,,,,,,,,,,,,,,,,,,,,,,,,,,,,,,,,,,,,,,,,,,,,,,,,,,,,,,,,
42,2318.1993807914932,2318.1993807914932,2318.1993807914932,2318.1993807914932,2318.1993807914932,2118.2616971959255,1655.5432210574281,1877.2143407770632,1413.0951191345582,1354.1088868505217,862.2680728518767,649.2849184269996,870.3011666116752,647.5616081226697,1735.1463842774249,1065.9619611464914,604.6778313926209,734.0110951886609,963.7540064730697,1248.7196461087885,1477.4982054723012,1639.3372906684638,1717.1285390079506,2524.212179411821,2910.600139230161,3624.632403902251,4205.474871783186,3706.3306130149676,4093.2828758694195,3475.761348132011,4274.871739651455,5280.143123036305,5338.990264170163,5372.162406421481,5237.467260824307,5022.4620289807135,5282.424713428727,7803.617449341912,5579.507386878464,3899.553556526328,2867.2371059413954,2837.6381984603017,,,,,,,,,,,,,,,,,,,,,,,,,,,,,,,,,,,,,,,,,,,,,,,,,,,,,,,,,
43,2318.1993807914932,2318.1993807914932,2318.1993807914932,2318.1993807914932,2318.1993807914932,2118.2616971959255,1590.7739907116506,1806.9933057608328,1354.4406829846687,1297.0149261350348,818.3220680219933,610.4032718886726,826.3687158257692,583.5305962767363,1611.089023978179,956.378539532157,864.2660040209664,1015.3963019690761,1282.757492942,1615.4275201823311,1909.4378368928787,2101.1233428465325,2193.077436754367,3144.967129425576,3223.982391634472,4000.83044904947,4631.681047503051,4089.620277272045,4508.331925571261,3839.879600213167,4992.66054415219,6724.743508968712,6792.016469252063,6920.273564682086,7075.622670680374,6634.744727192883,6966.51392241782,9145.83532871893,6392.865064901346,4396.11184149534,2806.5353835293718,2913.3530007165905,3057.8097904100414,,,,,,,,,,,,,,,,,,,,,,,,,,,,,,,,,,,,,,,,,,,,,,,,,,,,,,,,
44,2318.1993807914932,2318.1993807914932,2318.1993807914932,2318.1993807914932,2318.1993807914932,2816.1307144036564,2169.751439902333,2434.7048829430564,1880.1504689010906,1808.7651389881476,1222.178686768533,966.5807154484025,1312.3917999866333,1186.8899113486882,2622.7533557102993,1670.8316910180615,1540.096986308984,1748.8167093987768,2115.048805020049,2384.1505121403593,2768.774505630388,3017.757303851529,3138.0515547890154,4375.17094801122,4477.315101867291,5492.987362323048,6300.825576691838,5591.72116687579,6134.535051150746,5365.807219567309,6892.300992667586,7602.781725224891,7677.6346459788965,7693.922519910574,7629.560559903327,7157.52341340497,7512.4078329387485,9843.164970021964,7034.469547975795,5305.9668937010665,3762.4042081819725,3885.6946508443816,4063.2805045298173,3522.994064294164,,,,,,,,,,,,,,,,,,,,,,,,,,,,,,,,,,,,,,,,,,,,,,,,,,,,,,,
45,2148.1472652947805,2148.1472652947805,2148.1472652947805,2148.1472652947805,2148.1472652947805,2620.4833227744057,2007.3300272392844,2258.6640089625243,1676.6469826727362,1610.420106114525,1065.488548105915,828.0844556003431,1149.3969901719408,1032.892837307867,2366.9297501014216,1453.3929863783105,1333.697815274916,1525.2918754796356,1861.586754887358,2108.6797069435934,2461.739533356491,2690.3676068564487,2800.7815981865588,3936.677819990851,4030.4925499861456,4962.770793439319,5704.372719790526,5053.656998315795,5552.083589171,4846.2316163045,6247.476816314739,6730.590013200703,6794.563692228836,6806.016795043202,6747.552861303622,6323.799722299558,6642.325201274935,8733.587823055372,6663.360672861213,5189.075473993713,4269.02294977506,4684.3695132185285,4868.669888770021,4057.885661885461,4472.475160978069,,,,,,,,,,,,,,,,,,,,,,,,,,,,,,,,,,,,,,,,,,,,,,,,,,,,,,
46,2148.1472652947805,2148.1472652947805,2148.1472652947805,2148.1472652947805,2148.1472652947805,2620.4833227744057,2007.3300272392844,2258.6640089625243,1597.0837491590155,1532.9736173780047,940.8587323272841,717.9629298048076,1019.7531614932177,910.6439354408633,2163.317352708064,1306.1989328324696,1471.6157071958542,1674.83274645842,2032.7783883137167,2294.791571738465,2662.2943244361304,2678.9577823969307,2776.703839293387,3904.5763745686713,3997.189840317947,4935.315155680116,5673.463178875769,4888.627472399899,5373.43285951789,4686.0822300036925,6061.20204409796,6532.30766929162,6594.2993881762995,6604.343814168938,6407.441836639209,6002.716039212292,6307.165473357025,8306.80107848533,6331.516657936219,4924.998925105017,4319.974487771986,4740.49575648218,4926.358787531613,4048.7039954130764,4475.412382341425,3758.0122438769026,,,,,,,,,,,,,,,,,,,,,,,,,,,,,,,,,,,,,,,,,,,,,,,,,,,,,
47,2148.1472652947805,2148.1472652947805,2148.1472652947805,2148.1472652947805,2148.1472652947805,2620.4833227744057,2004.0748760595734,2255.1348627343955,1594.2836650427002,1530.2480282660667,938.8300724007652,716.1680536035531,1017.6400903106858,908.6513945365714,2195.9779192274577,1329.8884049529704,1497.0402085443452,1702.3752760454586,2064.0240564525384,2328.7604605660804,2527.046231506655,2545.9939193545633,2639.863982235456,3726.794769400091,3816.2293011958704,4717.139051294499,5427.789454074392,4675.9638451557785,5143.216406025797,4481.050530203574,5805.371361161822,6259.978086771617,6324.237391623892,6336.197857677178,6150.341885303247,5760.068353514206,6053.880312502624,7984.956243201854,6241.243323172757,4860.792042083051,4266.127401856909,4682.253672120873,4870.277294789722,3937.676977329502,4421.383427704875,3991.011319103212,3724.890425915135,,,,,,,,,,,,,,,,,,,,,,,,,,,,,,,,,,,,,,,,,,,,,,,,,,,,
48,2148.1472652947805,2148.1472652947805,2148.1472652947805,2148.1472652947805,2148.1472652947805,2620.4833227744057,2490.4929517117225,2782.4960887447614,2012.7009526979432,1937.5335083109371,1241.9732455229803,984.3768646996168,1333.3968590683517,1206.3972929036809,2697.592387205736,1606.4364355421844,1952.3867123500668,2196.7700589169176,2625.944979614542,2939.665485147343,3391.535845623897,3365.118086004595,3482.5644990686837,4890.374073615399,5053.1940648782875,5605.1657829989335,6428.442106142568,5650.48506064882,6198.176456006419,5502.310800791107,6291.360588062018,6690.711528599119,7540.4027103889575,7541.060362311865,7312.753899527197,6857.132099724544,7199.067601902287,9441.0387095765,7166.403182304578,5541.854307079883,4795.249265217745,5134.829331947968,5328.197961071264,5258.492874083765,5817.474985233823,5210.893061089284,4873.788452197755,4162.282996489385,,,,,,,,,,,,,,,,,,,,,,,,,,,,,,,,,,,,,,,,,,,,,,,,,,,
49,2148.1472652947805,2148.1472652947805,2148.1472652947805,2148.1472652947805,2148.1472652947805,2620.4833227744057,2490.4929517117225,2782.4960887447614,2012.7009526979432,2065.4602753522568,1327.0734876458282,1059.353565135069,1421.6654008991059,1270.945772725295,3084.2743337291918,1877.2434164452818,2179.9450925585315,2443.619642917897,2906.1907376453496,3110.6145565191696,3582.9657689869036,3555.134116005094,3677.811958846077,5147.332059614385,5317.266886857357,5893.758723310891,6753.50140497175,5941.143686416069,6512.825457662969,5786.499582802155,6610.907205242971,6689.574682143833,7539.578557414225,7540.379404436603,7312.428787401873,6856.534371515646,7165.921695278942,9398.740775155542,7390.487404373815,5603.170968801994,4783.249227988208,5122.568282815829,5316.976118743515,5274.611983544759,5835.547263873795,5407.194754401688,5058.382296691116,4324.851378320865,4781.195512415232,,,,,,,,,,,,,,,,,,,,,,,,,,,,,,,,,,,,,,,,,,,,,,,,,,
50,2148.1472652947805,2148.1472652947805,2148.1472652947805,2148.1472652947805,2148.1472652947805,2620.4833227744057,2490.4929517117225,2782.4960887447614,1810.1991655842594,1859.7196449168273,1171.3893649648583,921.9441428876289,1259.896087697203,1119.6614002842034,2810.3985532938686,1475.0123702215078,1735.3645793478659,1961.7545130529322,2359.2672154263782,2534.910888699816,2940.451635517983,2916.7932816943244,3022.096548320754,4284.446188138507,4430.48881595747,4925.406962985299,5663.695241203294,4966.891822745155,5458.169879164102,4833.9420259156195,5404.111474524735,5473.32610375472,6187.237601594467,5640.342184004952,5574.270351020264,5215.098821795644,5459.4243337883945,7225.679793110004,5567.844582951962,4082.0872036992914,3731.8247444880253,3990.931983490996,4154.717656122597,4144.273712959204,4608.5578571717815,4221.867333048536,3940.4388475432193,3382.420558840028,3830.8894608974097,4137.3114184868555,,,,,,,,,,,,,,,,,,,,,,,,,,,,,,,,,,,,,,,,,,,,,,,,,
51,2148.1472652947805,2148.1472652947805,2148.1472652947805,2148.1472652947805,2148.1472652947805,2620.4833227744057,2490.4929517117225,2782.4960887447614,1810.1991655842594,1859.7196449168273,1143.6786121844284,897.4572609844388,1231.0681805337324,1092.7019494607187,2761.5928470913677,1443.5635867561557,1700.5951078933542,1924.0548573203744,2316.455198001763,2489.8460223029588,2890.2256928652023,2866.965324575321,2970.889284595764,4217.054195585597,4361.230825850445,4849.689240663706,5578.452273744399,4786.6758725053005,5263.0792683973605,4657.737548025335,5210.547806817841,5278.228932243512,5970.09431545365,5440.7420859990325,5687.284466064182,5321.790418561594,5570.346369919807,7456.837055221334,6048.594279045129,4423.364235400609,3805.9074100694165,4081.5963841269054,4115.917995202944,4048.994550166834,4504.979884231473,4269.82136879662,3985.512008938556,3543.729973217385,3898.7023245481055,4198.9977308065145,3798.527983110513,,,,,,,,,,,,,,,,,,,,,,,,,,,,,,,,,,,,,,,,,,,,,,,,
52,2148.1472652947805,2148.1472652947805,2148.1472652947805,2148.1472652947805,2148.1472652947805,2620.4833227744057,2490.4929517117225,2782.4960887447614,1810.1991655842594,1859.7196449168273,1143.6786121844284,897.4572609844388,1231.0681805337324,1136.8213194560549,2841.2805637764486,1501.3770095238303,1764.5418182315523,1993.3531170514907,2395.0991370931074,2572.6283535564344,2883.8594459828205,2671.581179975049,2769.7805152831334,3952.3823561249055,4089.230563733469,4551.411186548291,5242.566998302454,4496.680997848885,4949.148802527669,4374.197742521519,4902.536082022914,4967.755579954101,5623.525114731134,5125.7440587418005,5358.731368539982,5011.739027178985,5247.998467640571,7042.823637377349,5712.255506531959,3943.5299829396863,3267.216264437143,3731.612607472707,3768.290455473656,3706.9528085293755,4073.334445172326,3588.0875443074333,3343.3301071253827,2995.6532384187844,3325.516639596171,3798.657636559542,4044.461133748191,2983.2482273150267,,,,,,,,,,,,,,,,,,,,,,,,,,,,,,,,,,,,,,,,,,,,,,,
53,2148.1472652947805,2148.1472652947805,2148.1472652947805,2148.1472652947805,2148.1472652947805,2620.4833227744057,2232.4214252699844,2502.701970485044,1603.2702347727331,1649.481062397098,990.0950700349679,761.5727585575219,1071.0941243674763,975.6187136484996,2549.487073167349,1312.8396481190173,1556.0888706557946,1767.3405854196606,2138.3495629566387,2302.3681333674726,2417.8666492935827,2965.857220796402,2965.857220796402,4210.431681875165,4354.424943257186,4841.889568639971,5569.6042205368,4780.332515148717,5256.212343137077,4651.535389062153,5207.949444284742,5275.5903303385885,5966.739935683969,4969.390053939663,5197.697580633716,4859.689345218369,5089.920388844495,6839.505908970917,5566.303970919125,4567.580610803234,3662.1599794518875,4170.753623981858,4050.484295255403,3985.2470944864253,4810.734835399354,4824.857006071488,4508.16979863189,4072.100232233551,4514.153318034281,4656.375265378786,4671.8869816164815,3873.9182439626716,3628.2694916993833,,,,,,,,,,,,,,,,,,,,,,,,,,,,,,,,,,,,,,,,,,,,,,
54,2148.1472652947805,2148.1472652947805,2148.1472652947805,2148.1472652947805,2148.1472652947805,2394.437049990277,1975.014514607362,2223.6284105467457,1396.4230114394186,1439.3164659203749,742.1094812190634,542.6215042218178,813.3272735994099,730.475501506876,2105.6951106508523,1025.8143695510319,1239.0467778869854,1423.5899675182045,1748.0701351386638,1891.5514671585395,1994.338630283583,2473.2928864892338,2473.2928864892338,3562.1859148735975,3688.2300851267123,4113.832253584855,4750.0626238959,4065.097706639045,4481.943498187018,3952.221172786211,5121.049171907802,5188.022729900412,5873.868213440623,4877.517290819674,5105.118220628758,4772.289291316603,4999.054826507409,6721.604806423853,5331.974412075854,4369.051811840326,3494.6865942749732,3984.6813904627206,3863.102310830458,3800.53102001975,4602.553149077671,4617.222564607527,4312.59863008788,3894.511704163045,4167.229261230674,4417.444423480121,4060.6235555867283,3528.818093664881,3308.459740316984,3084.7393147446483,,,,,,,,,,,,,,,,,,,,,,,,,,,,,,,,,,,,,,,,,,,,,
55,2191.994216006981,2191.994216006981,2191.994216006981,2191.994216006981,2191.994216006981,2413.7226160897894,2001.9280113153263,2252.7938834085344,1418.0727439356492,1461.3773630057506,659.7877527429346,469.83017872790356,727.6176016689376,659.3553897454535,1976.622740618081,1446.8326186437123,1905.1128741791726,2145.443763867227,2625.3393597878003,2743.0040008934466,3789.9611484532506,4561.925573876789,4561.925573876789,5559.981510936477,5741.342070491339,5836.35608663464,6688.746884447288,5763.488339836758,6320.617359250361,5612.898569949864,7085.005333955277,6854.470482083424,7729.683322675835,6439.8203544598355,6732.695980642387,6309.094325862615,6473.835515313174,8623.122266981052,6876.376882333929,5494.848854632135,4176.85058118513,4743.5030144549955,4596.479959471648,4524.09676868765,5204.204063806732,5221.308671956031,4883.0878151140105,4668.9519816650145,4972.448087275701,5786.72622684248,5082.087826823373,4427.067324619041,4331.955926633574,3876.9957397036083,3048.315119401118,,,,,,,,,,,,,,,,,,,,,,,,,,,,,,,,,,,,,,,,,,,,
56,1894.0610927135763,1894.0610927135763,1894.0610927135763,1894.0610927135763,1894.0610927135763,2095.0288533121256,1637.9696964733907,1858.2912927115085,1145.7076926770346,1184.2076150328444,474.5943060816603,305.92642453066526,534.7516863855226,474.25684120658127,1643.3358989467783,1173.2623281242616,1580.0729795981342,1793.3533497241378,2219.2331277688195,2323.675109575185,3253.9720793801825,3939.0269228592033,3939.0269228592033,4825.054966568935,4986.066355810008,5070.4170760428,5827.048762586396,5007.790939807401,5502.573400200566,4874.046976174226,6180.41677277996,5975.894742287725,6752.527551874368,5609.664426233449,5869.390761638123,5493.295974134668,5639.6104660614565,7229.678225151479,5597.452885069751,4443.636011206608,3344.2166021718613,3818.8008980732398,3699.4497361666004,3638.9917367637763,4223.479377210626,4239.081905307221,3955.8605826527646,3746.8599531712575,4002.5667146051605,4683.449112778286,4096.683023037796,3553.2847492040623,3410.1172823845727,3082.4583485262056,2647.375124141769,2318.852717737865,,,,,,,,,,,,,,,,,,,,,,,,,,,,,,,,,,,,,,,,,,,
57,1894.0610927135763,1894.0610927135763,1894.0610927135763,1894.0610927135763,1894.0610927135763,2084.290116794024,1628.827367402369,1848.3794285995095,1124.574159385835,1162.7356400020044,460.18796441635527,293.2212218665517,519.7941101476744,1161.540705132267,2676.453519746574,2874.2562820160897,3602.3475570597334,3710.885890971533,4431.520288413348,4608.1448059183285,5626.181472631604,6068.775398489046,6068.775398489046,6187.91097605107,6386.658094478507,6490.805885307662,7426.846172519463,6411.725383686673,6895.771144296673,6132.373453966084,7313.897194271172,6796.921077167397,7376.211190742225,5357.988931244218,5606.80045577896,5024.353668859392,5160.179326843425,7192.846410676198,5057.276599504456,4971.91666842527,4284.342864130025,4866.160787044327,4444.245714331369,4375.019910952029,5165.8772780719,5183.037090784489,4845.205012453763,4598.37516543112,4129.517248145132,4287.129432604605,4212.82291376819,3444.336881557208,3309.003243982963,3048.173687766098,2944.0902953083264,2782.606316680838,2664.8724618612123,,,,,,,,,,,,,,,,,,,,,,,,,,,,,,,,,,,,,,,,,,
58,1894.0610927135763,1894.0610927135763,1894.0610927135763,1894.0610927135763,1894.0610927135763,2088.482587834603,1632.396590821632,1852.2490833934103,1127.4533711348631,1165.661069733657,462.1520396393131,294.9526645013134,521.8325022847841,1164.44979955575,2681.433467867421,2879.506723479475,3465.926059533918,3571.2212916288545,4270.413027862302,4441.780935469208,5429.398887941549,5858.768203531369,5858.768203531369,5974.35520865256,6167.189242683208,6268.234887303201,7176.3475473373865,6191.948601362779,6661.621764470191,5920.891368495611,7067.1633198203535,6565.84135426543,7127.834412458177,5170.437784527782,5411.814874810651,4846.8403356853205,4978.640650771627,6951.150999475969,4879.391549906754,4796.492564206181,4129.6963141784245,4694.2555138696425,4285.329524475371,4201.682124876151,4966.753652214688,4983.318639022297,4657.032121865715,4418.3290544187485,3964.9458763931016,4117.356042567627,4045.6789446635094,3302.7785785740325,3171.893563284351,2919.8323695154727,2819.5140690071607,2659.2492393275147,2751.435689432572,2455.9366625331154,,,,,,,,,,,,,,,,,,,,,,,,,,,,,,,,,,,,,,,,,
59,1894.0610927135763,1894.0610927135763,1894.0610927135763,1894.0610927135763,1894.0610927135763,2088.482587834603,1632.396590821632,1852.2490833934103,915.3659748070246,950.1815164425946,317.63002602873064,167.46818392810292,371.7476207029915,950.255933660191,2314.764606467478,2492.862852906106,3021.619518046597,3116.3148812724735,3745.547546321979,3899.790135827224,4787.705087385551,5173.728279955293,5173.728279955293,5277.73990169895,5451.285554281094,5542.2120503525075,6358.991462565754,5475.065458967541,5897.857087305511,5231.064443243157,6261.951406529783,5811.655816692419,6316.994012950459,4558.911103977008,4775.920451457257,4221.552363598456,4339.173470551667,6099.709916762401,4253.578168028056,4179.310768588214,3585.7241363875114,4089.4960261155575,3726.5421134533035,3652.3170356758815,4335.429391789583,4352.231982480912,4062.4472108130376,3849.15991530632,3445.1636258533163,3581.026450688498,3517.452624394897,2856.046000187836,2740.3492865268163,2517.2388884676316,2638.537254005039,2417.788795877505,2539.4279434947434,2258.8947129380767,2393.281820155235,,,,,,,,,,,,,,,,,,,,,,,,,,,,,,,,,,,,,,,,
60,1894.0610927135763,1894.0610927135763,1894.0610927135763,1894.0610927135763,1894.0610927135763,2001.3539112945796,1558.2203568569744,1771.8292313309885,861.5527818906189,895.5041475009821,280.91656501063744,135.10548360081305,333.64767297249773,895.8815355942165,2221.6835159105717,2394.727594496185,2908.895654395757,3000.901752302443,3612.4001947432093,3762.298450642272,4380.921317005808,4739.088037260921,4739.088037260921,4835.755375456505,4997.063045250441,5081.569201383048,5840.429657511691,4750.717115471375,5126.139012199612,4534.054064485799,5447.274024922942,7509.259634153205,8174.375132941415,5975.8168717759645,6247.59731634518,5551.685351589867,5699.578450519251,5842.4595586939195,4071.2003288956703,3999.5035477359997,3431.258239324895,3918.3214844219738,3573.8422013200993,3502.504885643784,4161.776773125314,4180.02913440792,3901.326231690722,3693.622287716561,3307.2352847082293,3438.593022633201,3376.5951803047947,3023.626036986798,2822.725988604107,2814.128802540286,2947.8287022345485,2707.8007024551066,2797.89762616976,2492.7819915169807,2637.0479332164014,2644.9718901679616,,,,,,,,,,,,,,,,,,,,,,,,,,,,,,,,,,,,,,,
61,1894.0610927135763,1894.0610927135763,1894.0610927135763,1894.0610927135763,1894.0610927135763,2001.3539112945796,1558.2203568569744,1771.8292313309885,861.5527818906189,895.5041475009821,939.2009688740839,533.0992100431579,802.1975783007244,1564.5732421106843,3366.3868230329717,3602.4694446450653,4298.673348961855,4423.835522559502,5008.136217946374,5203.574567877063,5305.1895413933835,5727.406152989208,5727.406152989208,5840.773482958695,6029.908810897164,6129.014025394278,7019.642427131883,5727.09635326251,6166.369880023128,5473.583323376447,6078.5051174424525,8342.851236412189,9075.468408748311,6622.842891627608,6762.943808521869,6016.690099070491,6175.127778084151,6328.368667422689,4423.012086981315,4346.469500737252,3734.3020485623874,4255.254048762083,4469.057683286174,4382.552663649721,5184.902248990192,5204.618892557815,4866.388746689595,4624.134327942718,3683.683600637159,3827.052380718469,3792.8258780923516,3946.8411474716577,3570.5956123338797,3565.098273867065,3551.0259402408033,3237.3611990480167,3337.1858448475123,3007.836922848434,3220.65763537427,3193.077316825806,2494.5366870078615,,,,,,,,,,,,,,,,,,,,,,,,,,,,,,,,,,,,,,
62,1894.0610927135763,1894.0610927135763,1894.0610927135763,1894.0610927135763,1894.0610927135763,1797.467480680244,1333.278435720754,1527.9533285852276,698.4828969149454,729.8179556235348,769.9758925250229,400.03675210112726,645.5458576095667,1341.0075018416057,2983.674670704252,3198.849407359416,3648.684121602666,3758.3533001093588,4270.857006434422,4442.239400180242,4532.596621974747,4902.4459275111985,4902.4459275111985,5001.873586882699,5167.780856190952,5254.700072790746,6035.493871692125,4905.442358493429,5290.982720047344,4682.939750786393,5213.375190879104,7200.409292252777,7842.413443883736,5697.414649754919,5820.140463250532,5165.984722887444,5305.131564515273,5439.480704659409,3449.9557588336515,3386.8298825189263,2889.176202124048,3315.664997293874,3492.9406532936523,3423.0028483066617,4079.8960426001267,4445.636059373822,4064.059203609241,3679.931239445192,3325.0032139458353,3457.7287049259785,3418.1578963249776,3378.1446981298923,3607.0528373809284,3604.404722421906,3584.889275172801,3264.4718310945636,3351.98547506824,3117.0885719268094,3336.922475421672,3009.442909642372,2460.1276088843742,2066.83856788213,,,,,,,,,,,,,,,,,,,,,,,,,,,,,,,,,,,,,
63,1894.0610927135763,1894.0610927135763,1894.0610927135763,1894.0610927135763,1894.0610927135763,1797.467480680244,1070.9647384669822,1243.5599643016435,508.79521662895957,537.0963827222367,574.4450197974091,246.27065474945346,464.5201640619704,1082.6564093216498,2541.4150357718795,2732.2346379113205,3080.5861741075146,3176.706541962819,3626.4797788289457,3776.8374235898937,3862.8360415248135,4186.457766058242,4186.457766058242,4273.787097759536,4419.534589081972,4495.877501563686,5181.238359681508,4128.495106632262,4463.225960404402,3935.3156233114505,4394.849483991331,6119.50024723797,6674.5151372197215,6845.258676311997,6923.9840823091445,5000.104039569082,5135.489323580218,5266.522680776833,3315.5065404117254,3254.4782763667777,2764.1377941529413,3177.5585252828528,3214.5509297748376,3367.597415112379,3657.3587032702926,3994.1487131844387,3994.1487131844387,3498.5477493040316,3150.4161938114294,3278.6916202166904,3278.6916202166904,3278.6916202166904,3500.6489791832364,3372.8724514486235,3350.7804273236293,3043.567805717519,3227.064549026189,2993.8311059471507,3186.6755072876986,2869.180501356014,2941.095145304722,2659.4637891691764,2366.301225407403,,,,,,,,,,,,,,,,,,,,,,,,,,,,,,,,,,,,
64,1894.0610927135763,1894.0610927135763,1894.0610927135763,1894.0610927135763,1894.0610927135763,1797.467480680244,1070.9647384669822,1243.5599643016435,508.79521662895957,443.53373727582846,478.58806309462113,170.93168768386317,375.82513310845445,956.0751616607643,2325.247299308623,2504.3469623531682,2831.3145878648484,2921.530321462845,3343.7623345321786,3484.895470658531,3565.611229227949,3869.35300569495,3869.35300569495,3951.324096152607,4088.143001904301,4159.801763776475,4803.084570562921,3765.4805788842705,4076.4716106436244,3586.0017941960414,4012.862862763269,5615.146731359841,6130.678581962986,6289.271600803147,6362.394717864444,4575.467039493163,4701.2231339566515,4822.931842801799,3010.7546960041313,2954.014234288053,2340.90552349538,2707.482873998124,2740.7596444544356,2876.418529261292,3133.5430295514197,3432.07034991605,3432.07034991605,2935.1886231039275,2631.1539051763657,2743.1810468383046,2743.1810468383046,2743.1810468383046,2937.0236961490023,3010.7072979263994,2990.1524831684096,2708.150994839635,2876.3040996731224,2661.5576921206925,2838.5771989056666,2424.5777780601998,2488.2432116773853,2201.0361940640596,2001.0473488202329,1716.715190480272,,,,,,,,,,,,,,,,,,,,,,,,,,,,,,,,,,,
65,1894.0610927135763,1894.0610927135763,1894.0610927135763,1894.0610927135763,1894.0610927135763,1797.467480680244,1027.9983102660976,1196.9769333916065,477.72477623287375,413.9055230725879,448.52795880371593,130.7293510024549,328.49574122474564,888.5289484032157,2209.777384543778,2382.5630230514157,2434.4461164416043,2515.227656717122,2893.6179028017546,3020.0637202603757,3093.416205229044,3365.3097903610933,3365.3097903610933,3438.7638685169263,3561.390641125292,3625.603868809854,4201.873398967481,3274.570632002383,3553.4579492476605,3113.6195059169345,3496.087398835682,4932.759235319346,5394.406999350939,5538.5330095552545,5603.993484780652,4002.615276386012,4115.3842553136765,4224.403991747111,2602.092071145322,2551.019876611688,2002.503854567325,2331.3660433965238,2271.217845248528,2389.463892595676,2614.2636162899303,2874.423175909246,2874.423175909246,2884.570031776202,2585.2635102837985,2695.9066903375738,2695.9066903375738,2695.9066903375738,2887.1029511264137,2960.0309623978164,2940.6519959609664,2662.6946546216964,2829.24976843055,2720.424132689627,2900.687081819275,2495.58887746519,2560.665995331059,2384.3845554455,2173.693969847997,2150.95022018014,2041.0811461800663,,,,,,,,,,,,,,,,,,,,,,,,,,,,,,,,,,
66,1894.0610927135763,1894.0610927135763,1894.0610927135763,1894.0610927135763,1894.0610927135763,1622.6676154873903,901.6332872383057,1059.9754180194254,1764.319667028367,1492.5359390468316,1835.3780201644931,1205.604907586654,1593.9248342386297,2694.4879936628136,3008.678215937062,3225.57711771306,3283.7259377105593,3283.7259377105593,3744.9748771663108,3899.198781614522,3989.085869092248,4322.267798536585,4322.267798536585,4411.891964653144,4561.463402027222,4639.812448524983,5344.557093324984,4206.5400589690535,4546.374767093704,4010.415045125278,4477.839914754458,6229.616326647604,6794.750580432591,7498.126763182236,7583.947498497159,5497.2636686832875,5643.925720221071,5786.854012634789,3785.4667990027974,3637.507490431351,2913.0325334451218,3110.704343189719,3033.798309683249,3033.798309683249,3326.6949334891397,3641.3509833913586,3641.3509833913586,3654.6033116681974,3297.7850413690976,3297.7850413690976,3297.7850413690976,3297.7850413690976,3522.8545190603927,3607.775029877312,3516.7398825163514,3194.760928630936,3385.655408531387,3257.778379594626,3464.5262058695585,3266.7606207577687,3347.6111513925025,2729.6533563285743,2736.356881894097,2593.2875673772296,2546.5568852449965,2770.053556996724,,,,,,,,,,,,,,,,,,,,,,,,,,,,,,,,,
67,1894.0610927135763,1894.0610927135763,1894.0610927135763,1894.0610927135763,1894.0610927135763,1622.6676154873903,919.9539625110551,1079.8381950353114,1791.042087076758,1516.5808189307363,1862.4728655585768,1226.600126819655,1618.6420780803944,2729.763245619924,3046.967581975792,3265.975070171932,3769.5174655440696,3769.5174655440696,4283.119979079647,4454.9024892644575,4554.658915697388,4926.9934293224105,4926.9934293224105,5026.835877284536,5193.434320292673,5280.716143229373,6067.029091696986,4795.054549518009,5173.375952222765,4576.7181389955995,5098.069239604597,7049.037960857427,7680.120902623054,8463.463196843397,8559.365771544119,6233.833100586987,6397.197810332931,6556.872851571515,4320.334742677088,4155.81034613897,3301.5790350517796,3518.9603120161355,3433.5344347177443,3433.5344347177443,3755.5282826946614,3845.9679611071124,3845.9679611071124,3860.2634635555605,3485.5875009889673,3485.5875009889673,3485.5875009889673,3485.5875009889673,3721.707012048518,3810.378576818063,3712.9947308337655,3375.095814347945,3574.2397116931024,3439.786580906519,3655.484765032362,3448.7441155697848,3533.5245099586004,3198.331879464811,3204.9901605060522,3038.864717698928,2984.197050459222,3234.8058845321157,3136.7472228270876,,,,,,,,,,,,,,,,,,,,,,,,,,,,,,,,
68,1894.0610927135763,1894.0610927135763,1894.0610927135763,1894.0610927135763,1894.0610927135763,1622.6676154873903,919.9539625110551,1079.8381950353114,1791.042087076758,1516.5808189307363,1862.4728655585768,4729.259525635903,5002.143836587004,5002.143836587004,5002.143836587004,5286.794655780188,5705.589337846104,5705.589337846104,6428.065469829822,6428.065469829822,6564.178384293311,7072.211175934256,7072.211175934256,7072.211175934256,7295.4434289834435,7295.4434289834435,7819.698041280967,5849.936945073885,6297.243797122161,5591.787731785749,5881.7645977725115,8138.008689530443,8699.880819184593,9576.289198714587,9683.585613967984,7082.0132770172695,7264.815574352974,7443.461033912352,4941.207862807705,4757.482759272431,3866.729625182216,3810.354068525106,3719.5598342974804,3719.5598342974804,4062.373779956245,4158.841133499935,4158.841133499935,4174.054620595032,3657.952639685144,3657.952639685144,3657.952639685144,3657.952639685144,3903.2873746805894,3903.2873746805894,3804.976455062814,3460.8627817182005,3460.8627817182005,3372.366939083811,3585.2627092998987,3381.727908057648,3465.480891828361,3135.816854823166,3142.406378093527,2739.4648246655684,2689.513073292812,2962.444441266201,2870.6122735398408,2271.8552036505694,,,,,,,,,,,,,,,,,,,,,,,,,,,,,,,
69,1894.0610927135763,1894.0610927135763,1894.0610927135763,1894.0610927135763,1894.0610927135763,1622.6676154873903,928.5992957234137,1089.2112297771328,1803.6521149343334,1527.9273438569603,1875.2586370043282,4754.904403441683,5029.01231419239,5029.01231419239,5029.01231419239,5314.958701017348,5735.680994522585,5735.680994522585,6461.402311161334,6461.402311161334,6082.782286012041,6557.495195065313,6557.495195065313,6557.495195065313,6766.475624938152,6766.475624938152,7257.14262370692,5294.940146851892,5705.95223877254,5057.737323565437,5323.586208809374,7396.498248676813,7911.268775347995,8716.471428768049,8814.773211815944,6425.94533655824,6593.870450432109,6757.899456442119,4466.6702151572235,4297.641744631634,3482.3800814793676,3430.484095976867,3585.0342118723274,3585.0342118723274,3918.055892215775,4011.5630480669197,4011.5630480669197,4026.1178020671705,4026.1178020671705,4026.1178020671705,4026.1178020671705,4026.1178020671705,4294.210733058217,4294.210733058217,4185.2392481712595,3811.822005454294,3811.822005454294,3811.822005454294,3811.822005454294,3597.638902972393,3685.9305654934487,4038.068267072546,3908.00106539553,3422.021791759772,3359.901414452996,3589.4786023972647,3390.543792222344,2697.666811172463,2553.3339227441006,,,,,,,,,,,,,,,,,,,,,,,,,,,,,,
70,1894.0610927135763,1894.0610927135763,1894.0610927135763,1894.0610927135763,1894.0610927135763,1622.6676154873903,928.5992957234137,1089.2112297771328,1803.6521149343334,1149.5484183696283,1350.935934131441,3703.4137813213392,3927.3516844683163,3927.3516844683163,3927.3516844683163,4160.768215748035,4504.044836766873,4504.044836766873,5096.887300264849,5096.887300264849,4788.409787709809,5175.915438035611,5175.915438035611,5175.915438035611,5346.64170224612,5346.64170224612,5747.350515616739,4147.750257381059,4483.740327566499,3953.844056539684,4170.855103006257,5865.242399650765,6285.4468725059305,6943.455701942535,7023.698930305818,7023.698930305818,7023.698930305818,7197.22787598439,4776.537218843852,4579.999583972411,3370.8995937111586,3320.19319996545,3471.1292709436793,3471.1292709436793,3795.8596876438896,3887.017134917811,3887.017134917811,3993.095512338331,3993.095512338331,3993.095512338331,3993.095512338331,3993.095512338331,4259.373581372554,4259.373581372554,4153.0987749692595,3783.001416514127,3783.001416514127,3783.001416514127,3783.001416514127,3652.808677050631,3742.4198859735607,4099.813274136824,3832.584821147416,3530.1666653181223,3053.505702779834,3343.4607222583045,3154.731569523715,2821.448285890107,2863.8833521188994,2863.8833521188994,,,,,,,,,,,,,,,,,,,,,,,,,,,,,
71,1894.0610927135763,1894.0610927135763,1894.0610927135763,1894.0610927135763,1894.0610927135763,1622.6676154873903,928.5992957234137,1089.2112297771328,1803.6521149343334,1149.5484183696283,1350.935934131441,3703.4137813213392,3927.3516844683163,3927.3516844683163,3927.3516844683163,4160.768215748035,4504.044836766873,4504.044836766873,5096.887300264849,5096.887300264849,4788.409787709809,5175.915438035611,5175.915438035611,5175.915438035611,5346.64170224612,5346.64170224612,5747.350515616739,4147.750257381059,4483.740327566499,3953.844056539684,4170.855103006257,5865.242399650765,6285.4468725059305,6943.455701942535,7023.698930305818,7023.698930305818,7023.698930305818,7197.22787598439,4776.537218843852,4579.999583972411,3370.8995937111586,3320.19319996545,3471.1292709436793,3471.1292709436793,3795.8596876438896,3887.017134917811,3887.017134917811,3993.095512338331,3993.095512338331,3993.095512338331,3993.095512338331,3993.095512338331,4259.373581372554,4259.373581372554,4153.0987749692595,3783.001416514127,3783.001416514127,3783.001416514127,3783.001416514127,3652.808677050631,3742.4198859735607,4180.2278305399805,3908.4344177587805,3600.793703041487,3057.082517865825,2861.2612831539027,2609.583560772605,2414.154117877459,2452.5557598226965,2452.5557598226965,1941.7782920443924,,,,,,,,,,,,,,,,,,,,,,,,,,,,
72,1690.8616654349448,1690.8616654349448,1690.8616654349448,1690.8616654349448,1690.8616654349448,1438.5894888215798,793.4224511506202,942.7183097244258,1606.8225431875426,532.1594078114385,675.352005759798,2348.703747054746,2508.0040668603233,2508.0040668603233,2508.0040668603233,2673.970260899721,2918.0502923389995,2918.0502923389995,3339.7614568562576,3339.7614568562576,3120.4246411439694,3395.9528464546074,3395.9528464546074,3395.9528464546074,3517.3942369510696,3517.3942369510696,3802.3102894198164,2664.946258739091,2903.966372306025,2527.003247146939,2681.3046466626533,3886.606199592903,4185.384253982417,4653.248378546253,4710.3037342053985,4710.3037342053985,4710.3037342053985,4833.688048555564,3112.503978559695,2972.6806498621854,2707.825343008087,2707.825343008087,2950.369042366494,2950.369042366494,3237.19275971858,3317.888582648906,3317.888582648906,3411.7929450137276,3411.7929450137276,3411.7929450137276,3411.7929450137276,3411.7929450137276,3647.5117869910177,3647.5117869910177,3552.804501169486,3225.181122081946,3225.181122081946,3225.181122081946,3225.181122081946,3225.181122081946,3306.7382755806348,3659.392770383095,3414.440907053796,3137.8076765405267,2706.452948125847,2425.0391003211203,2201.885030455456,2102.629957103763,2138.9670138617576,2138.9670138617576,1646.517788214032,1107.7824137961973,,,,,,,,,,,,,,,,,,,,,,,,,,,
73,1690.8616654349448,1690.8616654349448,1690.8616654349448,1690.8616654349448,1690.8616654349448,1438.5894888215798,793.4224511506202,942.7183097244258,1606.8225431875426,532.1594078114385,675.352005759798,2348.703747054746,2508.0040668603233,2508.0040668603233,2508.0040668603233,2673.970260899721,2918.0502923389995,2918.0502923389995,3339.7614568562576,3339.7614568562576,3120.4246411439694,3395.9528464546074,3395.9528464546074,3395.9528464546074,3517.3942369510696,3517.3942369510696,3802.3102894198164,2664.946258739091,2903.966372306025,2527.003247146939,2681.3046466626533,3886.606199592903,4185.384253982417,4653.248378546253,4710.3037342053985,4710.3037342053985,4710.3037342053985,4833.688048555564,3112.503978559695,2972.6806498621854,2707.825343008087,2707.825343008087,2950.369042366494,2950.369042366494,3237.19275971858,3317.888582648906,3317.888582648906,3411.7929450137276,3411.7929450137276,3411.7929450137276,3411.7929450137276,3411.7929450137276,3647.5117869910177,3647.5117869910177,3552.804501169486,3225.181122081946,3225.181122081946,3225.181122081946,3225.181122081946,3225.181122081946,3306.7382755806348,3659.392770383095,3414.440907053796,3137.8076765405267,2706.452948125847,2425.0391003211203,2201.885030455456,2087.299440226564,2123.1259267473815,2123.1259267473815,1631.2071025114965,1210.8336266881652,928.196018214506,,,,,,,,,,,,,,,,,,,,,,,,,,
74,1690.8616654349448,1690.8616654349448,1690.8616654349448,1690.8616654349448,1690.8616654349448,1438.5894888215798,793.4224511506202,942.7183097244258,1606.8225431875426,532.1594078114385,675.352005759798,2348.703747054746,2508.0040668603233,2508.0040668603233,2508.0040668603233,2673.970260899721,2918.0502923389995,2918.0502923389995,3339.7614568562576,3339.7614568562576,3120.4246411439694,3395.9528464546074,3395.9528464546074,3395.9528464546074,3517.3942369510696,3517.3942369510696,3802.3102894198164,3366.513669572603,3651.4137250980098,3202.092478922719,3388.661867868004,4820.155072157777,5181.033524457043,5738.065582502856,5806.979775306366,5806.979775306366,5806.979775306366,5954.255036683288,3824.904337347138,3660.8006691175933,3343.4975282194064,3343.4975282194064,3627.843399874421,3627.843399874421,3963.981207237334,4060.1727615535133,4060.1727615535133,4172.109244074314,4172.109244074314,4172.109244074314,4172.109244074314,4172.109244074314,4453.092335491359,4453.092335491359,4329.700749185699,3938.5649522666613,3938.5649522666613,3938.5649522666613,3938.5649522666613,3938.5649522666613,4034.560129538257,3884.130053625353,3626.420342617654,3335.1914499685763,3108.31747121734,3113.013536603925,2860.693874806375,2720.396942026317,2538.891071274336,2538.891071274336,1955.0398201625344,1424.4799657337805,996.3192769484924,1014.0559037777396,,,,,,,,,,,,,,,,,,,,,,,,,
75,3299.392453280452,3299.392453280452,3299.392453280452,3299.392453280452,3299.392453280452,2895.755673177349,1863.4850945900212,2102.3592361875544,3164.929425442782,3084.9816399268407,3171.732185315314,3741.6372440104415,3741.6372440104415,3741.6372440104415,3741.6372440104415,3966.3473115193483,4296.539229381431,4296.539229381431,4274.151042303951,4274.151042303951,4008.183812066258,4343.476189201243,4343.476189201243,4343.476189201243,4343.476189201243,4343.476189201243,4681.132713722909,4165.09052827256,4165.09052827256,4165.09052827256,4394.676128380678,4490.303188527618,4830.909376732188,5357.190528829861,5422.233482695484,5422.233482695484,5422.233482695484,5561.335112594588,3507.299703700489,3507.299703700489,3255.5214761473517,3255.5214761473517,3534.7094355447894,3534.7094355447894,3534.7094355447894,3622.5337838870105,3622.5337838870105,3724.733490534814,3724.733490534814,3724.733490534814,3724.733490534814,3724.733490534814,3981.275315587061,3981.275315587061,3347.4850331338034,3031.8679168228214,3031.8679168228214,3031.8679168228214,3031.8679168228214,3031.8679168228214,3110.0558131163793,2449.7588593613477,2398.302046047189,2275.604562327316,2103.4633450792435,2404.1041834280563,2128.94029218295,1815.891203373717,1523.4449328233518,1523.4449328233518,1141.0054419243784,752.5813692937968,714.4380776620992,845.0133695091358,707.0398704930737,,,,,,,,,,,,,,,,,,,,,,,,
76,3299.392453280452,3299.392453280452,3299.392453280452,3299.392453280452,3299.392453280452,2895.755673177349,1863.4850945900212,2102.3592361875544,3164.929425442782,3084.9816399268407,3171.732185315314,3741.6372440104415,3741.6372440104415,3741.6372440104415,3741.6372440104415,3966.3473115193483,4296.539229381431,4296.539229381431,4274.151042303951,4274.151042303951,4008.183812066258,4343.476189201243,4343.476189201243,4343.476189201243,4343.476189201243,4343.476189201243,4681.132713722909,4076.8466980816484,4076.8466980816484,4076.8466980816484,4302.4932528001245,4396.479620629171,4731.241961333298,5248.49360398069,5312.42060306765,5312.42060306765,5312.42060306765,5449.135638887301,3430.341720329487,3430.341720329487,3182.8833014489674,3182.8833014489674,3457.29453226728,3457.29453226728,3457.29453226728,3543.6120609558634,3543.6120609558634,3644.0583070943653,3644.0583070943653,3644.0583070943653,3644.0583070943653,3644.0583070943653,3896.1985934928566,3896.1985934928566,3273.282375828158,2963.0803645860938,2963.0803645860938,2963.0803645860938,2963.0803645860938,2963.0803645860938,3039.9267757330404,2390.9615479417926,2340.3875893151894,2219.7952505057096,2050.59593350532,2346.0787556045216,2075.63590547303,1767.9578615787423,1480.5291493298819,1480.5291493298819,1104.6512481505254,691.1060157643758,586.077078843459,760.1707231645476,635.6809718549955,679.8517373069603,,,,,,,,,,,,,,,,,,,,,,,
77,2935.43334491754,2935.43334491754,2935.43334491754,2935.43334491754,2935.43334491754,2342.762845971506,1457.6364136333602,1662.460440507604,2573.56745085313,2505.0157555564365,2471.3781438316596,2945.2945565511386,2945.2945565511386,2945.2945565511386,2945.2945565511386,3132.050281205224,3406.3063939645044,3406.3063939645044,3387.6996526302282,3387.6996526302282,3013.3466672359714,3281.370197095991,3281.370197095991,3281.370197095991,3281.370197095991,3281.370197095991,3551.67159503071,3068.8285988219777,3068.8285988219777,3068.8285988219777,3249.303383742645,3324.5420869988993,3592.1789276126256,4006.4369069053428,4057.5454635893575,4057.5454635893575,4057.5454635893575,4166.972621602982,1997.8672197084056,1997.8672197084056,1832.6077278410858,1832.6077278410858,2018.2240522768066,2018.2240522768066,2018.2240522768066,2076.307933910721,2076.307933910721,2143.899163176899,2143.899163176899,2143.899163176899,2143.899163176899,2143.899163176899,2313.500848481306,2313.500848481306,1715.0476887220684,1521.9373847088054,1521.9373847088054,1521.9373847088054,1521.9373847088054,1521.9373847088054,1570.3606195517723,1604.442937734264,1568.00866787951,1477.5782046138365,1347.5036938487258,1573.7992069592683,1231.9658736449924,1012.3469624540496,810.2397129005692,810.2397129005692,737.8897031035967,555.1751265532832,582.5354522557452,665.2295629574394,627.9647940682805,757.3396113413246,702.8148314901046,,,,,,,,,,,,,,,,,,,,,,
78,2935.43334491754,2935.43334491754,2935.43334491754,2935.43334491754,2935.43334491754,2342.762845971506,1457.6364136333602,1662.460440507604,2573.56745085313,2505.0157555564365,2471.3781438316596,2945.2945565511386,2945.2945565511386,2945.2945565511386,2945.2945565511386,3132.050281205224,3406.3063939645044,3406.3063939645044,3387.6996526302282,3387.6996526302282,3013.3466672359714,3281.370197095991,3281.370197095991,3281.370197095991,3281.370197095991,3281.370197095991,3551.67159503071,3068.8285988219777,3068.8285988219777,3068.8285988219777,3249.303383742645,3324.5420869988993,3592.1789276126256,4006.4369069053428,4057.5454635893575,4057.5454635893575,4057.5454635893575,4166.972621602982,1997.8672197084056,1997.8672197084056,1832.6077278410858,1832.6077278410858,2018.2240522768066,2018.2240522768066,2018.2240522768066,2076.307933910721,2076.307933910721,2143.899163176899,2143.899163176899,2143.899163176899,2143.899163176899,2143.899163176899,2313.500848481306,2313.500848481306,1715.0476887220684,1525.3226156896608,1525.3226156896608,1525.3226156896608,1525.3226156896608,1525.3226156896608,1573.8133798821982,1607.9416595887405,1571.4384262830777,1480.8684071999846,1350.6204585714206,1577.229326045776,1234.9192839214606,1014.986823956051,812.5977227016244,812.5977227016244,740.1468161116381,557.1774322038343,584.564428791256,667.3738618072716,630.0447573080694,775.998062829706,731.0866018915228,643.738796468393,,,,,,,,,,,,,,,,,,,,,
79,2105.072083172674,2105.072083172674,2105.072083172674,2105.072083172674,2105.072083172674,1637.7713409035614,939.8789376724555,1101.3757895709296,1819.7530041922096,1765.702299537737,1741.1086870295721,2115.0403769528843,2115.0403769528843,2115.0403769528843,2115.0403769528843,2262.3967275230634,2478.7957780272727,2478.7957780272727,2464.114452974984,2464.114452974984,1999.4691103486193,2199.2329287780826,2199.2329287780826,2199.2329287780826,2199.2329287780826,2199.2329287780826,2401.016087355876,2548.756071673492,2548.756071673492,2548.756071673492,2706.3878450191214,2772.153283824152,3005.767393464361,3367.9561936878736,3412.5676901371407,3412.5676901371407,3412.5676901371407,3508.202866099138,1568.7028673529571,1568.7028673529571,1117.08949633213,1117.08949633213,1117.08949633213,1117.08949633213,1117.08949633213,1157.7065040194045,1157.7065040194045,1204.971827917689,1204.971827917689,1204.971827917689,1204.971827917689,1204.971827917689,1323.5005120112255,1323.5005120112255,906.0973209049532,1010.9461144153886,1010.9461144153886,1010.9461144153886,1010.9461144153886,1010.9461144153886,1049.9454305950171,1049.9454305950171,1228.0019494484966,1228.0019494484966,1228.0019494484966,1397.3892861965367,1074.7935114728948,869.457263456025,879.5825463275478,879.5825463275478,879.5825463275478,795.5331801466073,771.7564689291103,869.8198906037005,826.2866094630836,915.4733446031507,904.4061708495076,872.3075871093001,686.1771259894081,,,,,,,,,,,,,,,,,,,,
80,2105.072083172674,2105.072083172674,2105.072083172674,2105.072083172674,2105.072083172674,1637.7713409035614,939.8789376724555,1101.3757895709296,1819.7530041922096,1765.702299537737,1114.346550204279,1402.3007337629401,1402.3007337629401,1402.3007337629401,1402.3007337629401,1515.2895840540805,1680.554919070254,1680.554919070254,1669.2976774787658,1669.2976774787658,2387.082078432913,2693.219008417795,2693.219008417795,2693.219008417795,2693.219008417795,2693.219008417795,2926.3685628416815,2878.801858555334,2878.801858555334,2878.801858555334,2878.801858555334,2955.4382641813463,3203.448795259922,3582.7671517161007,3630.127822454836,3630.127822454836,3630.127822454836,3730.5025180211087,1692.8603915330455,1692.8603915330455,1218.108594552442,1218.108594552442,1218.108594552442,1218.108594552442,1218.108594552442,1218.108594552442,1218.108594552442,1218.108594552442,1218.108594552442,1218.108594552442,1218.108594552442,1218.108594552442,1338.680364266755,1338.680364266755,1362.5330433674349,1465.8379696646202,1465.8379696646202,1465.8379696646202,1465.8379696646202,1465.8379696646202,1514.0237912439834,1514.0237912439834,1406.63653092334,1406.63653092334,1406.63653092334,1493.8392861734517,1148.7198871261573,1148.7198871261573,1160.523009014856,1160.523009014856,1160.523009014856,1280.9720745702969,1227.2131657968027,1243.6282783570562,1094.8147704743394,1392.2710415414047,1328.5575587743883,1310.9170158203965,1095.9678842108087,1273.884974230767,,,,,,,,,,,,,,,,,,,
81,2054.2905039073826,2054.2905039073826,2054.2905039073826,2054.2905039073826,2054.2905039073826,1568.0401145150183,888.69754184913,1045.9018420223483,1745.184744180214,1692.5706956759288,1058.5278426168484,1338.8366888815513,1338.8366888815513,1338.8366888815513,1338.8366888815513,1448.8223197380685,1609.6878147247535,1609.6878147247535,1598.7297882030766,1598.7297882030766,2297.435633554082,2595.4355095250735,2595.4355095250735,2595.4355095250735,2595.4355095250735,2595.4355095250735,2822.387998741063,2776.085607264215,2776.085607264215,2776.085607264215,2776.085607264215,2850.6850336468524,3092.103497941784,3461.352018069275,3507.453852326067,3507.453852326067,3507.453852326067,3605.1606099879154,1621.67857468856,1621.67857468856,1190.5485179841037,1190.5485179841037,1190.5485179841037,1190.5485179841037,1190.5485179841037,1190.5485179841037,1190.5485179841037,1190.5485179841037,1190.5485179841037,1190.5485179841037,1190.5485179841037,1190.5485179841037,1309.6429236420092,1309.6429236420092,1333.2033362292602,1435.242468839225,1435.242468839225,1435.242468839225,1435.242468839225,1435.242468839225,1482.8378702812836,1482.8378702812836,1376.739133828913,1376.739133828913,1376.739133828913,1462.873395048196,1121.9827387366972,1121.9827387366972,1133.6412371528115,1133.6412371528115,1133.6412371528115,1252.614442144033,1356.400704617357,1373.878632414579,1215.299045126217,1577.7015851611109,1508.6239627172322,1489.4969718425755,1256.1966499933048,1515.7229865279096,1490.0230979445912,,,,,,,,,,,,,,,,,,
82,2054.2905039073826,2054.2905039073826,2054.2905039073826,2054.2905039073826,2054.2905039073826,1568.0401145150183,888.69754184913,1045.9018420223483,1745.184744180214,1692.5706956759288,1058.5278426168484,1338.8366888815513,1338.8366888815513,1338.8366888815513,1338.8366888815513,1448.8223197380685,1609.6878147247535,1609.6878147247535,1598.7297882030766,1598.7297882030766,2297.435633554082,2595.4355095250735,2595.4355095250735,2595.4355095250735,2595.4355095250735,2595.4355095250735,2822.387998741063,2776.085607264215,2776.085607264215,2776.085607264215,2776.085607264215,2850.6850336468524,3092.103497941784,3461.352018069275,3507.453852326067,3507.453852326067,3507.453852326067,3605.1606099879154,1621.67857468856,1621.67857468856,1122.9111517581646,1122.9111517581646,1122.9111517581646,1122.9111517581646,1122.9111517581646,1122.9111517581646,1122.9111517581646,1122.9111517581646,1122.9111517581646,1122.9111517581646,1122.9111517581646,1122.9111517581646,1238.2369692215977,1238.2369692215977,1261.0518430722243,1359.862079510249,1359.862079510249,1359.862079510249,1359.862079510249,1359.862079510249,1405.9513861278294,1405.9513861278294,1303.529927496039,1303.529927496039,1303.529927496039,1386.9385815956807,1056.8349685200474,1056.8349685200474,1068.1245488559757,1068.1245488559757,1068.1245488559757,1183.333000890821,1283.8350815308781,1300.7599429435245,1147.480005339809,1560.0792172211811,1373.661103106467,1355.540972790748,1152.839425046166,1401.3297537205592,1377.313246754474,1278.9267501293787,,,,,,,,,,,,,,,,,
83,2054.2905039073826,2054.2905039073826,2054.2905039073826,2054.2905039073826,2054.2905039073826,1568.0401145150183,888.69754184913,1045.9018420223483,1745.184744180214,1692.5706956759288,1006.3283359659961,1279.4765974544102,1279.4765974544102,1279.4765974544102,1279.4765974544102,1386.5999517725336,1543.206806096557,1543.206806096557,1532.5339523013163,1532.5339523013163,2213.2958186996448,2503.540517500731,2503.540517500731,2503.540517500731,2503.540517500731,2503.540517500731,2724.6579947297205,2679.546050690693,2679.546050690693,2679.546050690693,2679.546050690693,2752.227504952074,2987.3632721264335,3347.1620016808756,3392.0640774097346,3392.0640774097346,3392.0640774097346,3487.2570836111345,1555.8277746514057,1555.8277746514057,1070.2643437510023,1070.2643437510023,1070.2643437510023,1070.2643437510023,1070.2643437510023,1070.2643437510023,1070.2643437510023,1070.2643437510023,1070.2643437510023,1070.2643437510023,1070.2643437510023,1070.2643437510023,1182.5889111508943,1182.5889111508943,1204.816454132402,1301.1100658391822,1301.1100658391822,1301.1100658391822,1301.1100658391822,1301.1100658391822,1346.012880140827,1346.012880140827,1246.4581222184202,1246.4581222184202,1246.4581222184202,1327.7195596547076,1006.2042472943908,1006.2042472943908,1017.2037138296125,1017.2037138296125,1017.2037138296125,1129.4139701300148,1227.300575046238,1243.7849822526414,1094.634837833167,1491.0111801503688,1309.8572820732468,1292.246698489251,1095.6266231248744,1337.338051574428,1314.263230164426,1218.766404667568,1097.3500197452065,,,,,,,,,,,,,,,,
84,2054.2905039073826,2054.2905039073826,2054.2905039073826,2054.2905039073826,2054.2905039073826,1568.0401145150183,888.69754184913,1045.9018420223483,1745.184744180214,1692.5706956759288,1006.3283359659961,1279.4765974544102,1279.4765974544102,1279.4765974544102,1279.4765974544102,1386.5999517725336,1543.206806096557,1543.206806096557,1532.5339523013163,1532.5339523013163,2213.2958186996448,2503.540517500731,2503.540517500731,2503.540517500731,2503.540517500731,2503.540517500731,2724.6579947297205,2679.546050690693,2679.546050690693,2679.546050690693,2679.546050690693,2752.227504952074,2987.3632721264335,3347.1620016808756,3392.0640774097346,3392.0640774097346,3392.0640774097346,3487.2570836111345,1555.8277746514057,1555.8277746514057,1070.2643437510023,1070.2643437510023,1070.2643437510023,1070.2643437510023,1070.2643437510023,1070.2643437510023,1070.2643437510023,1070.2643437510023,1070.2643437510023,1070.2643437510023,1070.2643437510023,1070.2643437510023,1182.5889111508943,1182.5889111508943,1204.816454132402,1301.1100658391822,1301.1100658391822,1301.1100658391822,1301.1100658391822,1301.1100658391822,1346.012880140827,1346.012880140827,1246.4581222184202,1246.4581222184202,1246.4581222184202,1327.7195596547076,1006.2042472943908,1006.2042472943908,1017.2037138296125,1017.2037138296125,1017.2037138296125,1129.4139701300148,1227.300575046238,1243.7849822526414,1479.7949763001795,2032.6914028763508,1809.6179868613817,1787.932265053581,1429.944439458237,1437.3808470075924,1367.742134831658,1269.794295756303,1100.4784191853394,768.4431764707253,,,,,,,,,,,,,,,
85,1496.0900237849614,1496.0900237849614,1496.0900237849614,1496.0900237849614,1496.0900237849614,605.2870213147851,182.1935353280719,280.10012627140213,715.6124181094503,682.8444714368368,990.4725122775187,1261.574538535346,1261.574538535346,1261.574538535346,1261.574538535346,1261.574538535346,1130.9711868372908,1130.9711868372908,1130.9711868372908,1130.9711868372908,1703.4356919934892,1703.4356919934892,1703.4356919934892,1703.4356919934892,1703.4356919934892,1703.4356919934892,1873.8795174814425,1839.1059101955404,1839.1059101955404,1839.1059101955404,1839.1059101955404,1895.1309031611956,1895.1309031611956,2203.5226977047655,2203.5226977047655,2203.5226977047655,2203.5226977047655,2272.8729340569503,1892.3018945381355,1892.3018945381355,1249.9594792368807,1249.9594792368807,1249.9594792368807,1249.9594792368807,1249.9594792368807,1249.9594792368807,1249.9594792368807,1249.9594792368807,1249.9594792368807,1249.9594792368807,1249.9594792368807,1249.9594792368807,1249.9594792368807,1249.9594792368807,1249.9594792368807,1348.8717053934647,1348.8717053934647,1348.8717053934647,1348.8717053934647,1348.8717053934647,1348.8717053934647,1348.8717053934647,1309.294477150133,1309.294477150133,1309.294477150133,1309.294477150133,1309.294477150133,1309.294477150133,1309.294477150133,1309.294477150133,1309.294477150133,1309.294477150133,1309.294477150133,1309.294477150133,1309.294477150133,1660.8047415416413,1752.6405174488978,1752.6405174488978,1393.614808462091,1401.023609103378,1401.023609103378,1401.023609103378,1265.5478113755717,898.828317009224,1022.3429906517097,,,,,,,,,,,,,,
86,1496.0900237849614,1496.0900237849614,1496.0900237849614,1496.0900237849614,1496.0900237849614,605.2870213147851,182.1935353280719,280.10012627140213,715.6124181094503,682.8444714368368,990.4725122775187,1261.574538535346,1261.574538535346,1261.574538535346,1261.574538535346,1261.574538535346,1130.9711868372908,1130.9711868372908,1130.9711868372908,1130.9711868372908,1703.4356919934892,1703.4356919934892,1703.4356919934892,1703.4356919934892,1703.4356919934892,1703.4356919934892,1873.8795174814425,1839.1059101955404,1839.1059101955404,1839.1059101955404,1839.1059101955404,1895.1309031611956,1895.1309031611956,2203.5226977047655,2203.5226977047655,2203.5226977047655,2203.5226977047655,2272.8729340569503,1892.3018945381355,1892.3018945381355,1249.9594792368807,1249.9594792368807,1249.9594792368807,1249.9594792368807,1249.9594792368807,1249.9594792368807,1249.9594792368807,1249.9594792368807,1249.9594792368807,1249.9594792368807,1249.9594792368807,1249.9594792368807,1249.9594792368807,1249.9594792368807,1249.9594792368807,1348.8717053934647,1348.8717053934647,1348.8717053934647,1348.8717053934647,1348.8717053934647,1348.8717053934647,1348.8717053934647,1309.294477150133,1309.294477150133,1309.294477150133,1309.294477150133,1309.294477150133,1309.294477150133,1309.294477150133,1309.294477150133,1309.294477150133,1309.294477150133,1309.294477150133,1309.294477150133,1309.294477150133,1660.8047415416413,1752.6405174488978,1752.6405174488978,1393.614808462091,1401.023609103378,1401.023609103378,1401.023609103378,1265.5478113755717,898.828317009224,1022.3429906517097,1022.3429906517097,,,,,,,,,,,,,
87,1496.0900237849614,1496.0900237849614,1496.0900237849614,1496.0900237849614,1496.0900237849614,605.2870213147851,182.1935353280719,280.10012627140213,715.6124181094503,682.8444714368368,990.4725122775187,1261.574538535346,1261.574538535346,1261.574538535346,1261.574538535346,1261.574538535346,1130.9711868372908,1130.9711868372908,1130.9711868372908,1130.9711868372908,1703.4356919934892,1703.4356919934892,1703.4356919934892,1703.4356919934892,1703.4356919934892,1703.4356919934892,1873.8795174814425,1839.1059101955404,1839.1059101955404,1839.1059101955404,1839.1059101955404,1895.1309031611956,1895.1309031611956,2203.5226977047655,2203.5226977047655,2203.5226977047655,2203.5226977047655,2272.8729340569503,1892.3018945381355,1892.3018945381355,918.0846351589886,918.0846351589886,918.0846351589886,918.0846351589886,918.0846351589886,918.0846351589886,918.0846351589886,918.0846351589886,918.0846351589886,918.0846351589886,918.0846351589886,918.0846351589886,918.0846351589886,918.0846351589886,918.0846351589886,1002.1449245542136,1002.1449245542136,1002.1449245542136,1002.1449245542136,1002.1449245542136,1002.1449245542136,1002.1449245542136,968.4348351161899,968.4348351161899,968.4348351161899,968.4348351161899,968.4348351161899,968.4348351161899,968.4348351161899,968.4348351161899,968.4348351161899,968.4348351161899,968.4348351161899,968.4348351161899,968.4348351161899,1267.609119682439,1345.6555068639204,1345.6555068639204,1043.258137162205,1049.5635348995406,1049.5635348995406,1049.5635348995406,935.453650725865,935.453650725865,1061.3953834394938,1061.3953834394938,611.5108108469611,,,,,,,,,,,,
88,1333.2760654400572,1333.2760654400572,1333.2760654400572,1333.2760654400572,1333.2760654400572,500.8117238993375,105.42661715247414,196.92130849963837,603.9119138888348,573.2899390247883,860.7714290374736,1114.1189920264442,1114.1189920264442,1114.1189920264442,1114.1189920264442,1114.1189920264442,992.0688497695731,992.0688497695731,992.0688497695731,992.0688497695731,1527.0426722856732,1527.0426722856732,1527.0426722856732,1527.0426722856732,1527.0426722856732,1527.0426722856732,1686.324136942906,1653.8278521167626,1653.8278521167626,1653.8278521167626,1653.8278521167626,1706.1837700353703,1706.1837700353703,1994.3789955446935,1994.3789955446935,1994.3789955446935,1994.3789955446935,2059.187487074836,1703.5400330990576,1703.5400330990576,793.1242317403078,793.1242317403078,793.1242317403078,793.1242317403078,793.1242317403078,793.1242317403078,793.1242317403078,793.1242317403078,793.1242317403078,793.1242317403078,793.1242317403078,793.1242317403078,793.1242317403078,793.1242317403078,793.1242317403078,871.6794153971582,871.6794153971582,871.6794153971582,871.6794153971582,871.6794153971582,871.6794153971582,871.6794153971582,840.1769986681091,840.1769986681091,840.1769986681091,840.1769986681091,840.1769986681091,840.1769986681091,840.1769986681091,840.1769986681091,840.1769986681091,840.1769986681091,840.1769986681091,840.1769986681091,840.1769986681091,1119.7583686418784,1192.693500353942,1192.693500353942,910.1001249899961,915.9925824255998,915.9925824255998,915.9925824255998,809.3557510178531,809.3557510178531,927.0495635726196,927.0495635726196,407.2117796456507,407.2117796456507,,,,,,,,,,,
89,1333.2760654400572,1333.2760654400572,1333.2760654400572,1333.2760654400572,1333.2760654400572,500.8117238993375,105.42661715247414,196.92130849963837,603.9119138888348,573.2899390247883,860.7714290374736,1114.1189920264442,1114.1189920264442,1114.1189920264442,1114.1189920264442,1114.1189920264442,992.0688497695731,992.0688497695731,992.0688497695731,992.0688497695731,1527.0426722856732,1527.0426722856732,1527.0426722856732,1527.0426722856732,1527.0426722856732,1527.0426722856732,1686.324136942906,1653.8278521167626,1653.8278521167626,1653.8278521167626,1653.8278521167626,1706.1837700353703,1706.1837700353703,1994.3789955446935,1994.3789955446935,1994.3789955446935,1994.3789955446935,2059.187487074836,1703.5400330990576,1703.5400330990576,793.1242317403078,793.1242317403078,793.1242317403078,793.1242317403078,793.1242317403078,793.1242317403078,793.1242317403078,793.1242317403078,793.1242317403078,793.1242317403078,793.1242317403078,793.1242317403078,793.1242317403078,793.1242317403078,793.1242317403078,871.6794153971582,871.6794153971582,871.6794153971582,871.6794153971582,871.6794153971582,871.6794153971582,871.6794153971582,840.1769986681091,840.1769986681091,840.1769986681091,840.1769986681091,840.1769986681091,840.1769986681091,840.1769986681091,840.1769986681091,840.1769986681091,840.1769986681091,840.1769986681091,840.1769986681091,840.1769986681091,1119.7583686418784,1192.693500353942,1192.693500353942,1092.7776819950745,1092.7776819950745,1092.7776819950745,1092.7776819950745,975.3937545946568,975.3937545946568,1067.3383697470435,1067.3383697470435,504.867433415518,504.867433415518,305.3074787201715,,,,,,,,,,
90,1333.2760654400572,1333.2760654400572,1333.2760654400572,1333.2760654400572,1333.2760654400572,500.8117238993375,105.42661715247414,196.92130849963837,603.9119138888348,573.2899390247883,860.7714290374736,1114.1189920264442,1114.1189920264442,1114.1189920264442,1114.1189920264442,1114.1189920264442,992.0688497695731,992.0688497695731,992.0688497695731,992.0688497695731,1527.0426722856732,1527.0426722856732,1527.0426722856732,1527.0426722856732,1527.0426722856732,1527.0426722856732,1686.324136942906,1653.8278521167626,1653.8278521167626,1653.8278521167626,1653.8278521167626,1706.1837700353703,1706.1837700353703,1994.3789955446935,1994.3789955446935,1994.3789955446935,1994.3789955446935,2059.187487074836,1703.5400330990576,1703.5400330990576,793.1242317403078,793.1242317403078,793.1242317403078,793.1242317403078,793.1242317403078,793.1242317403078,793.1242317403078,793.1242317403078,793.1242317403078,793.1242317403078,793.1242317403078,793.1242317403078,793.1242317403078,793.1242317403078,793.1242317403078,871.6794153971582,871.6794153971582,871.6794153971582,871.6794153971582,871.6794153971582,871.6794153971582,871.6794153971582,840.1769986681091,840.1769986681091,840.1769986681091,840.1769986681091,840.1769986681091,840.1769986681091,840.1769986681091,840.1769986681091,840.1769986681091,840.1769986681091,840.1769986681091,840.1769986681091,840.1769986681091,1119.7583686418784,1192.693500353942,1192.693500353942,1092.7776819950745,1092.7776819950745,1092.7776819950745,1092.7776819950745,975.3937545946568,975.3937545946568,1067.3383697470435,1067.3383697470435,361.4612116734305,361.4612116734305,288.1034265108742,284.52336006396695,,,,,,,,,
91,1333.2760654400572,1333.2760654400572,1333.2760654400572,1333.2760654400572,1333.2760654400572,327.29231942533306,-21.81089325996868,58.973866074415355,418.3240931052708,391.2865805096044,645.1168589860256,868.8815210947972,868.8815210947972,868.8815210947972,868.8815210947972,868.8815210947972,761.0564622706348,761.0564622706348,761.0564622706348,761.0564622706348,1233.4088016886103,1233.4088016886103,1233.4088016886103,1233.4088016886103,1233.4088016886103,1233.4088016886103,1374.0455380861213,1345.3531133094684,1345.3531133094684,1345.3531133094684,1345.3531133094684,1391.5804972867195,1391.5804972867195,1646.1477623641842,1646.1477623641842,1646.1477623641842,1646.1477623641842,1703.3700811020174,1389.353021158023,1389.353021158023,585.5061495628163,585.5061495628163,585.5061495628163,585.5061495628163,585.5061495628163,585.5061495628163,585.5061495628163,585.5061495628163,585.5061495628163,585.5061495628163,585.5061495628163,585.5061495628163,585.5061495628163,585.5061495628163,585.5061495628163,654.866038237753,654.866038237753,654.866038237753,654.866038237753,654.866038237753,654.866038237753,654.866038237753,627.0324300603908,627.0324300603908,627.0324300603908,627.0324300603908,627.0324300603908,627.0324300603908,627.0324300603908,627.0324300603908,627.0324300603908,627.0324300603908,627.0324300603908,627.0324300603908,627.0324300603908,873.8873388551441,938.2850320505237,938.2850320505237,850.0648826519949,850.0648826519949,850.0648826519949,850.0648826519949,850.0648826519949,850.0648826519949,936.5015458604058,936.5015458604058,483.70023942512137,483.70023942512137,334.83777452151537,279.9341017519737,376.2956655448114,,,,,,,,
92,1333.2760654400572,1333.2760654400572,1333.2760654400572,1333.2760654400572,1333.2760654400572,315.62768384492415,-30.364283560140848,49.700513333162235,405.848172592722,379.05162120965974,630.6197370155737,852.3957237988108,852.3957237988108,852.3957237988108,852.3957237988108,852.3957237988108,745.5269292889851,745.5269292889851,745.5269292889851,745.5269292889851,1213.6696139881778,1213.6696139881778,1213.6696139881778,1213.6696139881778,1213.6696139881778,1213.6696139881778,1353.0529807046164,1324.6162658954495,1324.6162658954495,1324.6162658954495,1324.6162658954495,1370.4316664678204,1370.4316664678204,1622.738331902616,1622.738331902616,1622.738331902616,1622.738331902616,1679.4506791975398,1368.2321729768112,1368.2321729768112,571.5492709310286,571.5492709310286,571.5492709310286,571.5492709310286,571.5492709310286,571.5492709310286,571.5492709310286,571.5492709310286,571.5492709310286,571.5492709310286,571.5492709310286,571.5492709310286,571.5492709310286,571.5492709310286,571.5492709310286,640.2910168377625,640.2910168377625,640.2910168377625,640.2910168377625,640.2910168377625,640.2910168377625,640.2910168377625,612.704039951578,612.704039951578,612.704039951578,612.704039951578,612.704039951578,612.704039951578,612.704039951578,612.704039951578,612.704039951578,612.704039951578,612.704039951578,612.704039951578,612.704039951578,857.3589513186843,921.1827253642772,921.1827253642772,833.7488034006855,833.7488034006855,833.7488034006855,833.7488034006855,833.7488034006855,833.7488034006855,919.4151337944025,919.4151337944025,469.0310793851696,469.0310793851696,321.6608233887464,245.98910240258908,339.7020095050799,92.70805794213675,,,,,,,
93,1333.2760654400572,1333.2760654400572,1333.2760654400572,1333.2760654400572,1333.2760654400572,315.62768384492415,-30.364283560140848,49.700513333162235,405.848172592722,379.05162120965974,630.6197370155737,852.3957237988108,852.3957237988108,852.3957237988108,852.3957237988108,852.3957237988108,745.5269292889851,745.5269292889851,745.5269292889851,745.5269292889851,1213.6696139881778,1213.6696139881778,1213.6696139881778,1213.6696139881778,1213.6696139881778,1213.6696139881778,1353.0529807046164,1324.6162658954495,1324.6162658954495,1324.6162658954495,1324.6162658954495,1370.4316664678204,1370.4316664678204,1622.738331902616,1622.738331902616,1622.738331902616,1622.738331902616,1679.4506791975398,1368.2321729768112,1368.2321729768112,571.5492709310286,571.5492709310286,571.5492709310286,571.5492709310286,571.5492709310286,571.5492709310286,571.5492709310286,571.5492709310286,571.5492709310286,571.5492709310286,571.5492709310286,571.5492709310286,571.5492709310286,571.5492709310286,571.5492709310286,640.2910168377625,640.2910168377625,640.2910168377625,640.2910168377625,640.2910168377625,640.2910168377625,640.2910168377625,612.704039951578,612.704039951578,612.704039951578,612.704039951578,612.704039951578,612.704039951578,612.704039951578,612.704039951578,612.704039951578,612.704039951578,612.704039951578,612.704039951578,612.704039951578,857.3589513186843,921.1827253642772,921.1827253642772,833.7488034006855,833.7488034006855,833.7488034006855,833.7488034006855,833.7488034006855,833.7488034006855,919.4151337944025,919.4151337944025,469.0310793851696,469.0310793851696,321.6608233887464,245.98910240258908,339.7020095050799,-75.20723719493697,146.8661210168665,,,,,,
94,1333.2760654400572,1333.2760654400572,1333.2760654400572,1333.2760654400572,1333.2760654400572,315.62768384492415,-30.364283560140848,49.700513333162235,405.848172592722,379.05162120965974,630.6197370155737,852.3957237988108,852.3957237988108,852.3957237988108,852.3957237988108,852.3957237988108,745.5269292889851,745.5269292889851,745.5269292889851,745.5269292889851,1213.6696139881778,1213.6696139881778,1213.6696139881778,1213.6696139881778,1213.6696139881778,1213.6696139881778,1353.0529807046164,1324.6162658954495,1324.6162658954495,1324.6162658954495,1324.6162658954495,1370.4316664678204,1370.4316664678204,1622.738331902616,1622.738331902616,1622.738331902616,1622.738331902616,1679.4506791975398,1368.2321729768112,1368.2321729768112,571.5492709310286,571.5492709310286,571.5492709310286,571.5492709310286,571.5492709310286,571.5492709310286,571.5492709310286,571.5492709310286,571.5492709310286,571.5492709310286,571.5492709310286,571.5492709310286,571.5492709310286,571.5492709310286,571.5492709310286,640.2910168377625,640.2910168377625,640.2910168377625,640.2910168377625,640.2910168377625,640.2910168377625,640.2910168377625,612.704039951578,612.704039951578,612.704039951578,612.704039951578,612.704039951578,612.704039951578,612.704039951578,612.704039951578,612.704039951578,612.704039951578,612.704039951578,612.704039951578,612.704039951578,857.3589513186843,921.1827253642772,921.1827253642772,833.7488034006855,833.7488034006855,833.7488034006855,833.7488034006855,833.7488034006855,833.7488034006855,919.4151337944025,919.4151337944025,469.0310793851696,469.0310793851696,368.73824227386194,290.00741684172203,387.8494185936728,-119.3315928506396,18.77542569396337,-70.44011589769445,,,,,
95,1333.2760654400572,1333.2760654400572,1333.2760654400572,1333.2760654400572,1333.2760654400572,194.72705603472878,-119.01773956122588,-46.41514845450183,276.53880736826704,252.23975037162677,480.361193952951,681.525127002459,681.525127002459,681.525127002459,681.525127002459,681.525127002459,584.5677399394268,584.5677399394268,584.5677399394268,584.5677399394268,1009.0785516275349,1009.0785516275349,1009.0785516275349,1009.0785516275349,1009.0785516275349,1009.0785516275349,1135.4710983328978,1109.6847445567205,1109.6847445567205,1109.6847445567205,1109.6847445567205,1151.2300543959423,1151.2300543959423,1380.1062479448276,1380.1062479448276,1380.1062479448276,1380.1062479448276,1431.5328863817297,1149.3205929801709,1149.3205929801709,426.8901963099652,426.8901963099652,426.8901963099652,426.8901963099652,426.8901963099652,426.8901963099652,426.8901963099652,426.8901963099652,426.8901963099652,426.8901963099652,426.8901963099652,426.8901963099652,426.8901963099652,426.8901963099652,426.8901963099652,489.22506835966124,489.22506835966124,489.22506835966124,489.22506835966124,489.22506835966124,489.22506835966124,489.22506835966124,464.194354610495,464.194354610495,464.194354610495,464.194354610495,464.194354610495,464.194354610495,464.194354610495,464.194354610495,464.194354610495,464.194354610495,464.194354610495,464.194354610495,464.194354610495,686.046918801832,743.9221842083656,743.9221842083656,664.6372858323747,664.6372858323747,664.6372858323747,664.6372858323747,664.6372858323747,664.6372858323747,742.3193358533973,742.3193358533973,314.2030739268812,314.2030739268812,289.5064489247036,289.5064489247036,389.25881874462675,190.1522175520655,372.7486049326193,253.64881629216598,133.70633390199407,,,,
96,0.0,0.0,0.0,0.0,0.0,0.0,0.0,0.0,0.0,0.0,0.0,0.0,0.0,0.0,0.0,0.0,0.0,0.0,0.0,0.0,0.0,0.0,0.0,0.0,0.0,0.0,0.0,0.0,0.0,0.0,0.0,0.0,0.0,0.0,0.0,0.0,0.0,0.0,0.0,0.0,0.0,0.0,0.0,0.0,0.0,0.0,0.0,0.0,0.0,0.0,0.0,0.0,0.0,0.0,0.0,0.0,0.0,0.0,0.0,0.0,0.0,0.0,0.0,0.0,0.0,0.0,0.0,0.0,0.0,0.0,0.0,0.0,0.0,0.0,0.0,0.0,0.0,0.0,0.0,0.0,0.0,0.0,0.0,0.0,0.0,0.0,0.0,0.0,0.0,0.0,0.0,0.0,0.0,0.0,0.0,0.0,,,
97,0.0,0.0,0.0,0.0,0.0,0.0,0.0,0.0,0.0,0.0,0.0,0.0,0.0,0.0,0.0,0.0,0.0,0.0,0.0,0.0,0.0,0.0,0.0,0.0,0.0,0.0,0.0,0.0,0.0,0.0,0.0,0.0,0.0,0.0,0.0,0.0,0.0,0.0,0.0,0.0,0.0,0.0,0.0,0.0,0.0,0.0,0.0,0.0,0.0,0.0,0.0,0.0,0.0,0.0,0.0,0.0,0.0,0.0,0.0,0.0,0.0,0.0,0.0,0.0,0.0,0.0,0.0,0.0,0.0,0.0,0.0,0.0,0.0,0.0,0.0,0.0,0.0,0.0,0.0,0.0,0.0,0.0,0.0,0.0,0.0,0.0,0.0,0.0,0.0,0.0,0.0,0.0,0.0,0.0,0.0,0.0,0.0,,
98,0.0,0.0,0.0,0.0,0.0,0.0,0.0,0.0,0.0,0.0,0.0,0.0,0.0,0.0,0.0,0.0,0.0,0.0,0.0,0.0,0.0,0.0,0.0,0.0,0.0,0.0,0.0,0.0,0.0,0.0,0.0,0.0,0.0,0.0,0.0,0.0,0.0,0.0,0.0,0.0,0.0,0.0,0.0,0.0,0.0,0.0,0.0,0.0,0.0,0.0,0.0,0.0,0.0,0.0,0.0,0.0,0.0,0.0,0.0,0.0,0.0,0.0,0.0,0.0,0.0,0.0,0.0,0.0,0.0,0.0,0.0,0.0,0.0,0.0,0.0,0.0,0.0,0.0,0.0,0.0,0.0,0.0,0.0,0.0,0.0,0.0,0.0,0.0,0.0,0.0,0.0,0.0,0.0,0.0,0.0,0.0,0.0,0.0,
99,0.0,0.0,0.0,0.0,0.0,0.0,0.0,0.0,0.0,0.0,0.0,0.0,0.0,0.0,0.0,0.0,0.0,0.0,0.0,0.0,0.0,0.0,0.0,0.0,0.0,0.0,0.0,0.0,0.0,0.0,0.0,0.0,0.0,0.0,0.0,0.0,0.0,0.0,0.0,0.0,0.0,0.0,0.0,0.0,0.0,0.0,0.0,0.0,0.0,0.0,0.0,0.0,0.0,0.0,0.0,0.0,0.0,0.0,0.0,0.0,0.0,0.0,0.0,0.0,0.0,0.0,0.0,0.0,0.0,0.0,0.0,0.0,0.0,0.0,0.0,0.0,0.0,0.0,0.0,0.0,0.0,0.0,0.0,0.0,0.0,0.0,0.0,0.0,0.0,0.0,0.0,0.0,0.0,0.0,0.0,0.0,0.0,0.0,0.0
