Buy,Sell,Value
1,0,1673.06
2,0,1673.06
2,1,1673.06
3,0,1673.06
3,1,1673.06
3,2,1673.06
4,0,1673.06
4,1,1673.06
4,2,1673.06
4,3,1673.06
5,0,1673.06
5,1,1673.06
5,2,1673.06
5,3,1673.06
5,4,1673.06
6,0,1673.06
6,1,1673.06
6,2,1673.06
6,3,1673.06
6,4,1673.06
6,5,1641.18
7,0,1673.06
7,1,1673.06
7,2,1673.06
7,3,1673.06
7,4,1673.06
7,5,1641.18
7,6,1598.24
8,0,1673.06
8,1,1673.06
8,2,1673.06
8,3,1673.06
8,4,1673.06
8,5,1641.18
8,6,1598.24
8,7,1792.28
9,0,1673.06
9,1,1673.06
9,2,1673.06
9,3,1673.06
9,4,1673.06
9,5,1641.18
9,6,1598.24
9,7,1792.28
9,8,1472.26
10,0,1673.06
10,1,1673.06
10,2,1673.06
10,3,1673.06
10,4,1673.06
10,5,1641.18
10,6,1577.73
10,7,1793.05
10,8,1472.93
10,9,1393.61
11,0,1673.06
11,1,1673.06
11,2,1673.06
11,3,1673.06
11,4,1673.06
11,5,1641.18
11,6,1577.73
11,7,1793.05
11,8,1472.93
11,9,1304.19
11,10,167.72
12,0,1673.06
12,1,1673.06
12,2,1673.06
12,3,1673.06
12,4,1673.06
12,5,1641.18
12,6,1516.25
12,7,1726.39
12,8,1406.74
12,9,1157.51
12,10,250.53
12,11,690.31
13,0,1673.06
13,1,1673.06
13,2,1673.06
13,3,1673.06
13,4,1673.06
13,5,1641.18
13,6,1516.25
13,7,1726.39
13,8,990.54
13,9,753.92
13,10,206.36
13,11,644.67
13,12,559.74
14,0,1673.06
14,1,1673.06
14,2,1673.06
14,3,1673.06
14,4,1673.06
14,5,1641.18
14,6,1516.25
14,7,1726.39
14,8,961.90
14,9,729.22
14,10,173.84
14,11,572.21
14,12,500.69
14,13,342.53
15,0,1673.06
15,1,1673.06
15,2,1673.06
15,3,1673.06
15,4,1673.06
15,5,1641.18
15,6,1639.75
15,7,1860.28
15,8,825.67
15,9,700.83
15,10,110.08
15,11,396.41
15,12,502.02
15,13,214.48
15,14,964.49
16,0,1673.06
16,1,1673.06
16,2,1673.06
16,3,1673.06
16,4,1673.06
16,5,1641.18
16,6,1639.75
16,7,1860.28
16,8,825.67
16,9,700.83
16,10,116.62
16,11,404.58
16,12,717.46
16,13,397.90
16,14,1266.37
16,15,1109.60
17,0,1673.06
17,1,1673.06
17,2,1673.06
17,3,1673.06
17,4,1673.06
17,5,1641.18
17,6,1639.75
17,7,1860.28
17,8,821.83
17,9,697.27
17,10,114.47
17,11,401.91
17,12,753.31
17,13,425.73
17,14,1316.32
17,15,1127.88
17,16,531.91
18,0,1673.06
18,1,1673.06
18,2,1673.06
18,3,1673.06
18,4,1673.06
18,5,1641.18
18,6,1639.75
18,7,1860.28
18,8,1587.55
18,9,1266.56
18,10,373.65
18,11,523.78
18,12,906.25
18,13,707.48
18,14,1811.48
18,15,1566.38
18,16,860.81
18,17,698.82
19,0,1673.06
19,1,1673.06
19,2,1673.06
19,3,1673.06
19,4,1673.06
19,5,1641.18
19,6,1639.75
19,7,1860.28
19,8,1587.55
19,9,1256.04
19,10,303.96
19,11,448.09
19,12,811.56
19,13,750.21
19,14,2129.14
19,15,1887.83
19,16,1042.27
19,17,861.04
19,18,460.98
20,0,1673.06
20,1,1673.06
20,2,1673.06
20,3,1673.06
20,4,1673.06
20,5,1641.18
20,6,1470.05
20,7,1676.30
20,8,1421.91
20,9,1551.24
20,10,492.85
20,11,1032.71
20,12,1459.06
20,13,1145.32
20,14,2728.57
20,15,2455.27
20,16,1445.32
20,17,1441.64
20,18,944.77
20,19,838.80
21,0,1673.06
21,1,1673.06
21,2,1673.06
21,3,1673.06
21,4,1673.06
21,5,1641.18
21,6,1461.13
21,7,1666.63
21,8,1444.52
21,9,1575.04
21,10,507.14
21,11,1052.15
21,12,1482.53
21,13,1015.75
21,14,2501.90
21,15,2246.75
21,16,1299.65
21,17,1239.88
21,18,890.30
21,19,786.98
21,20,-69.83
22,0,1673.06
22,1,1673.06
22,2,1673.06
22,3,1673.06
22,4,1673.06
22,5,1641.18
22,6,1461.13
22,7,1666.63
22,8,1392.31
22,9,1520.10
22,10,468.16
22,11,999.32
22,12,1418.75
22,13,966.99
22,14,2416.40
22,15,2170.11
22,16,1303.52
22,17,853.12
22,18,882.49
22,19,1093.78
22,20,129.39
22,21,-31.10
23,0,1673.06
23,1,1673.06
23,2,1673.06
23,3,1673.06
23,4,1673.06
23,5,1641.18
23,6,1461.13
23,7,1666.63
23,8,1325.82
23,9,1450.13
23,10,532.84
23,11,878.87
23,12,1272.33
23,13,847.88
23,14,2208.95
23,15,1718.17
23,16,961.23
23,17,845.90
23,18,960.26
23,19,1401.55
23,20,161.40
23,21,-42.08
23,22,-113.10
24,0,1673.06
24,1,1673.06
24,2,1673.06
24,3,1673.06
24,4,1673.06
24,5,1641.18
24,6,1461.13
24,7,1666.63
24,8,1325.82
24,9,1321.93
24,10,328.12
24,11,587.95
24,12,920.49
24,13,567.05
24,14,1716.92
24,15,1220.02
24,16,609.62
24,17,515.15
24,18,607.89
24,19,974.44
24,20,116.16
24,21,64.73
24,22,28.98
24,23,34.72
25,0,1673.06
25,1,1673.06
25,2,1673.06
25,3,1673.06
25,4,1673.06
25,5,1641.18
25,6,1380.16
25,7,1578.85
25,8,1212.42
25,9,1208.89
25,10,335.81
25,11,701.99
25,12,1024.69
25,13,598.30
25,14,1771.71
25,15,1658.41
25,16,901.93
25,17,786.81
25,18,899.45
25,19,1067.45
25,20,67.71
25,21,74.30
25,22,19.18
25,23,32.46
25,24,151.31
26,0,1673.06
26,1,1673.06
26,2,1673.06
26,3,1673.06
26,4,1673.06
26,5,1641.18
26,6,1380.16
26,7,1578.85
26,8,1212.42
26,9,1208.89
26,10,335.81
26,11,701.99
26,12,1024.69
26,13,598.30
26,14,1771.71
26,15,1658.41
26,16,899.12
26,17,784.19
26,18,896.65
26,19,1064.41
26,20,72.96
26,21,70.55
26,22,34.44
26,23,126.19
26,24,231.29
26,25,320.62
27,0,1673.06
27,1,1673.06
27,2,1673.06
27,3,1673.06
27,4,1673.06
27,5,1641.18
27,6,1380.16
27,7,1578.85
27,8,1212.42
27,9,1208.89
27,10,335.81
27,11,554.69
27,12,849.08
27,13,472.51
27,14,1552.15
27,15,1509.22
27,16,792.78
27,17,690.36
27,18,797.12
27,19,956.19
27,20,53.63
27,21,66.36
27,22,41.55
27,23,108.27
27,24,323.41
27,25,396.12
27,26,246.95
28,0,1673.06
28,1,1673.06
28,2,1673.06
28,3,1673.06
28,4,1673.06
28,5,1641.18
28,6,1380.16
28,7,1578.85
28,8,1212.42
28,9,1001.58
28,10,292.63
28,11,506.02
28,12,790.54
28,13,592.05
28,14,1762.03
28,15,1404.13
28,16,659.62
28,17,554.54
28,18,755.51
28,19,931.00
28,20,484.31
28,21,120.13
28,22,68.21
28,23,188.62
28,24,434.01
28,25,527.90
28,26,386.92
28,27,151.22
29,0,1673.06
29,1,1673.06
29,2,1673.06
29,3,1673.06
29,4,1673.06
29,5,1641.18
29,6,1380.16
29,7,1578.85
29,8,935.03
29,9,751.27
29,10,67.02
29,11,244.81
29,12,480.51
29,13,323.07
29,14,1290.34
29,15,998.49
29,16,412.19
29,17,324.30
29,18,494.61
29,19,644.39
29,20,396.18
29,21,186.49
29,22,147.57
29,23,576.18
29,24,890.22
29,25,1087.65
29,26,1026.61
29,27,696.15
29,28,676.47
30,0,1673.06
30,1,1673.06
30,2,1673.06
30,3,1673.06
30,4,1673.06
30,5,1641.18
30,6,1380.16
30,7,1578.85
30,8,935.03
30,9,751.27
30,10,169.18
30,11,364.59
30,12,622.67
30,13,446.22
30,14,1506.28
30,15,1081.03
30,16,581.18
30,17,481.57
30,18,674.02
30,19,841.51
30,20,482.21
30,21,333.66
30,22,286.31
30,23,670.64
30,24,988.95
30,25,1440.59
30,26,1577.49
30,27,1110.59
30,28,928.60
30,29,789.64
31,0,2101.34
31,1,2101.34
31,2,2101.34
31,3,2101.34
31,4,2101.34
31,5,2052.91
31,6,1643.95
31,7,1864.71
31,8,1149.82
31,9,945.75
31,10,300.73
31,11,518.59
31,12,806.22
31,13,610.17
31,14,1649.12
31,15,1165.68
31,16,646.54
31,17,542.80
31,18,744.04
31,19,919.91
31,20,546.61
31,21,367.11
31,22,319.05
31,23,714.76
31,24,1045.27
31,25,1431.45
31,26,1574.92
31,27,1115.95
31,28,936.98
31,29,795.03
31,30,631.82
32,0,2101.34
32,1,2101.34
32,2,2101.34
32,3,2101.34
32,4,2101.34
32,5,2052.91
32,6,1661.85
32,7,1884.12
32,8,1164.27
32,9,958.80
32,10,309.07
32,11,446.86
32,12,720.61
32,13,485.22
32,14,1642.39
32,15,1174.28
32,16,548.54
32,17,450.78
32,18,640.07
32,19,805.33
32,20,315.89
32,21,156.26
32,22,117.12
32,23,449.93
32,24,732.13
32,25,1280.39
32,26,1529.09
32,27,1074.59
32,28,935.50
32,29,748.65
32,30,667.03
32,31,926.43
33,0,2101.34
33,1,2101.34
33,2,2101.34
33,3,2101.34
33,4,2101.34
33,5,2052.91
33,6,1661.85
33,7,1884.12
33,8,1164.27
33,9,958.80
33,10,238.97
33,11,251.92
33,12,489.45
33,13,286.73
33,14,1285.22
33,15,874.22
33,16,337.29
33,17,219.44
33,18,377.88
33,19,516.71
33,20,110.78
33,21,24.03
33,22,-10.29
33,23,283.36
33,24,533.35
33,25,1016.51
33,26,1140.08
33,27,762.58
33,28,1054.32
33,29,831.57
33,30,810.77
33,31,1101.98
33,32,1252.09
34,0,2101.34
34,1,2101.34
34,2,2101.34
34,3,2101.34
34,4,2101.34
34,5,1973.87
34,6,1593.01
34,7,1809.48
34,8,1108.57
34,9,908.53
34,10,209.12
34,11,222.13
34,12,444.84
34,13,248.27
34,14,1215.73
34,15,860.10
34,16,327.32
34,17,210.25
34,18,367.48
34,19,505.24
34,20,81.17
34,21,82.58
34,22,54.04
34,23,367.58
34,24,648.50
34,25,1405.51
34,26,1391.77
34,27,1067.79
34,28,1405.92
34,29,1234.05
34,30,1443.84
34,31,1866.05
34,32,2079.20
34,33,2426.96
35,0,2101.34
35,1,2101.34
35,2,2101.34
35,3,2101.34
35,4,2101.34
35,5,1973.87
35,6,1527.56
35,7,1738.52
35,8,1055.75
35,9,860.87
35,10,180.34
35,11,193.27
35,12,410.78
35,13,219.17
35,14,1163.07
35,15,813.93
35,16,447.51
35,17,319.46
35,18,491.15
35,19,704.43
35,20,335.03
35,21,332.33
35,22,295.12
35,23,683.83
35,24,1027.52
35,25,1983.70
35,26,2256.59
35,27,1779.88
35,28,2236.99
35,29,2017.67
35,30,2526.07
35,31,3126.39
35,32,3211.82
35,33,3600.27
35,34,2929.26
36,0,2101.34
36,1,2101.34
36,2,2101.34
36,3,2101.34
36,4,2101.34
36,5,1973.87
36,6,1527.56
36,7,1738.52
36,8,1055.75
36,9,1005.66
36,10,271.55
36,11,284.83
36,12,519.39
36,13,336.50
36,14,1374.19
36,15,989.38
36,16,646.26
36,17,499.95
36,18,695.60
36,19,939.08
36,20,516.96
36,21,612.20
36,22,566.71
36,23,1040.27
36,24,1455.77
36,25,2316.94
36,26,2620.45
36,27,2151.28
36,28,2764.15
36,29,2601.62
36,30,3187.06
36,31,3879.85
36,32,3981.53
36,33,4444.88
36,34,3633.79
36,35,3553.47
37,0,2101.34
37,1,2101.34
37,2,2101.34
37,3,2101.34
37,4,2101.34
37,5,1973.87
37,6,1527.56
37,7,1738.52
37,8,928.54
37,9,881.57
37,10,193.29
37,11,205.82
37,12,425.74
37,13,256.84
37,14,1231.81
37,15,870.24
37,16,547.85
37,17,410.39
37,18,594.20
37,19,822.96
37,20,426.36
37,21,515.84
37,22,473.10
37,23,918.03
37,24,1308.45
37,25,2117.57
37,26,2402.72
37,27,1961.90
37,28,2537.72
37,29,2197.41
37,30,3094.47
37,31,3775.54
37,32,3875.15
37,33,4471.91
37,34,3655.14
37,35,3574.42
37,36,3875.23
38,0,2101.34
38,1,2101.34
38,2,2101.34
38,3,2101.34
38,4,2101.34
38,5,1973.87
38,6,1527.56
38,7,1738.52
38,8,928.54
38,9,881.57
38,10,167.91
38,11,180.37
38,12,395.70
38,13,230.63
38,14,1026.82
38,15,828.25
38,16,507.60
38,17,390.01
38,18,571.07
38,19,796.91
38,20,407.07
38,21,496.36
38,22,454.24
38,23,894.67
38,24,1280.67
38,25,2078.62
38,26,2360.28
38,27,1926.00
38,28,2164.90
38,29,1914.43
38,30,2734.89
38,31,3051.39
38,32,3137.14
38,33,3646.55
38,34,3263.26
38,35,3257.08
38,36,3437.77
38,37,3514.26
39,0,2101.34
39,1,2101.34
39,2,2101.34
39,3,2101.34
39,4,2101.34
39,5,1973.87
39,6,1527.56
39,7,1738.52
39,8,928.54
39,9,881.57
39,10,490.53
39,11,504.92
39,12,769.49
39,13,559.19
39,14,1577.61
39,15,1350.21
39,16,889.99
39,17,1051.38
39,18,1322.25
39,19,1659.07
39,20,868.94
39,21,788.08
39,22,735.77
39,23,1247.00
39,24,1771.03
39,25,2502.08
39,26,2801.81
39,27,2305.20
39,28,2575.52
39,29,2299.85
39,30,3240.60
39,31,3601.50
39,32,3698.15
39,33,4058.51
39,34,3636.21
39,35,3627.89
39,36,3825.13
39,37,3743.15
39,38,2065.82
40,0,2101.34
40,1,2101.34
40,2,2101.34
40,3,2101.34
40,4,2101.34
40,5,2055.90
40,6,1602.39
40,7,1819.65
40,8,985.29
40,9,936.82
40,10,534.04
40,11,592.72
40,12,821.73
40,13,604.85
40,14,1658.84
40,15,1204.25
40,16,773.14
40,17,924.86
40,18,1179.10
40,19,1494.83
40,20,752.09
40,21,675.32
40,22,626.13
40,23,1104.21
40,24,1594.39
40,25,2281.63
40,26,2563.62
40,27,2242.75
40,28,2507.93
40,29,2508.86
40,30,3376.12
40,31,3804.63
40,32,3905.81
40,33,4358.35
40,34,3906.99
40,35,3896.99
40,36,4106.34
40,37,4901.93
40,38,2981.95
40,39,2925.80
41,0,2318.20
41,1,2318.20
41,2,2318.20
41,3,2318.20
41,4,2318.20
41,5,2269.58
41,6,1784.25
41,7,2016.75
41,8,1529.95
41,9,1467.86
41,10,951.98
41,11,728.41
41,12,978.50
41,13,741.65
41,14,1892.67
41,15,1399.33
41,16,739.43
41,17,888.70
41,18,1139.21
41,19,1450.11
41,20,1149.14
41,21,1278.96
41,22,1345.35
41,23,2040.80
41,24,2375.20
41,25,2985.15
41,26,3330.27
41,27,2918.91
41,28,3240.76
41,29,2727.50
41,30,3654.97
41,31,3462.87
41,32,3504.73
41,33,3853.39
41,34,3462.47
41,35,3454.69
41,36,3645.18
41,37,4498.10
41,38,2972.49
41,39,2925.23
41,40,1968.28
42,0,2318.20
42,1,2318.20
42,2,2318.20
42,3,2318.20
42,4,2318.20
42,5,2118.26
42,6,1655.54
42,7,1877.21
42,8,1413.10
42,9,1354.11
42,10,862.27
42,11,649.28
42,12,870.30
42,13,647.56
42,14,1735.15
42,15,1065.96
42,16,604.68
42,17,734.01
42,18,963.75
42,19,1248.72
42,20,1477.50
42,21,1639.34
42,22,1717.13
42,23,2524.21
42,24,2910.60
42,25,3624.63
42,26,4205.47
42,27,3706.33
42,28,4093.28
42,29,3475.76
42,30,4274.87
42,31,5280.14
42,32,5338.99
42,33,5372.16
42,34,5237.47
42,35,5022.46
42,36,5282.42
42,37,7803.62
42,38,5579.51
42,39,3899.55
42,40,2867.24
42,41,2837.64
43,0,2318.20
43,1,2318.20
43,2,2318.20
43,3,2318.20
43,4,2318.20
43,5,2118.26
43,6,1590.77
43,7,1806.99
43,8,1354.44
43,9,1297.01
43,10,818.32
43,11,610.40
43,12,826.37
43,13,583.53
43,14,1611.09
43,15,956.38
43,16,864.27
43,17,1015.40
43,18,1282.76
43,19,1615.43
43,20,1909.44
43,21,2101.12
43,22,2193.08
43,23,3144.97
43,24,3223.98
43,25,4000.83
43,26,4631.68
43,27,4089.62
43,28,4508.33
43,29,3839.88
43,30,4992.66
43,31,6724.74
43,32,6792.02
43,33,6920.27
43,34,7075.62
43,35,6634.74
43,36,6966.51
43,37,9145.84
43,38,6392.87
43,39,4396.11
43,40,2806.54
43,41,2913.35
43,42,3057.81
44,0,2318.20
44,1,2318.20
44,2,2318.20
44,3,2318.20
44,4,2318.20
44,5,2816.13
44,6,2169.75
44,7,2434.70
44,8,1880.15
44,9,1808.77
44,10,1222.18
44,11,966.58
44,12,1312.39
44,13,1186.89
44,14,2622.75
44,15,1670.83
44,16,1540.10
44,17,1748.82
44,18,2115.05
44,19,2384.15
44,20,2768.77
44,21,3017.76
44,22,3138.05
44,23,4375.17
44,24,4477.32
44,25,5492.99
44,26,6300.83
44,27,5591.72
44,28,6134.54
44,29,5365.81
44,30,6892.30
44,31,7602.78
44,32,7677.63
44,33,7693.92
44,34,7629.56
44,35,7157.52
44,36,7512.41
44,37,9843.16
44,38,7034.47
44,39,5305.97
44,40,3762.40
44,41,3885.69
44,42,4063.28
44,43,3522.99
45,0,2148.15
45,1,2148.15
45,2,2148.15
45,3,2148.15
45,4,2148.15
45,5,2620.48
45,6,2007.33
45,7,2258.66
45,8,1676.65
45,9,1610.42
45,10,1065.49
45,11,828.08
45,12,1149.40
45,13,1032.89
45,14,2366.93
45,15,1453.39
45,16,1333.70
45,17,1525.29
45,18,1861.59
45,19,2108.68
45,20,2461.74
45,21,2690.37
45,22,2800.78
45,23,3936.68
45,24,4030.49
45,25,4962.77
45,26,5704.37
45,27,5053.66
45,28,5552.08
45,29,4846.23
45,30,6247.48
45,31,6730.59
45,32,6794.56
45,33,6806.02
45,34,6747.55
45,35,6323.80
45,36,6642.33
45,37,8733.59
45,38,6663.36
45,39,5189.08
45,40,4269.02
45,41,4684.37
45,42,4868.67
45,43,4057.89
45,44,4472.48
46,0,2148.15
46,1,2148.15
46,2,2148.15
46,3,2148.15
46,4,2148.15
46,5,2620.48
46,6,2007.33
46,7,2258.66
46,8,1597.08
46,9,1532.97
46,10,940.86
46,11,717.96
46,12,1019.75
46,13,910.64
46,14,2163.32
46,15,1306.20
46,16,1471.62
46,17,1674.83
46,18,2032.78
46,19,2294.79
46,20,2662.29
46,21,2678.96
46,22,2776.70
46,23,3904.58
46,24,3997.19
46,25,4935.32
46,26,5673.46
46,27,4888.63
46,28,5373.43
46,29,4686.08
46,30,6061.20
46,31,6532.31
46,32,6594.30
46,33,6604.34
46,34,6407.44
46,35,6002.72
46,36,6307.17
46,37,8306.80
46,38,6331.52
46,39,4925.00
46,40,4319.97
46,41,4740.50
46,42,4926.36
46,43,4048.70
46,44,4475.41
46,45,3758.01
47,0,2148.15
47,1,2148.15
47,2,2148.15
47,3,2148.15
47,4,2148.15
47,5,2620.48
47,6,2004.07
47,7,2255.13
47,8,1594.28
47,9,1530.25
47,10,938.83
47,11,716.17
47,12,1017.64
47,13,908.65
47,14,2195.98
47,15,1329.89
47,16,1497.04
47,17,1702.38
47,18,2064.02
47,19,2328.76
47,20,2527.05
47,21,2545.99
47,22,2639.86
47,23,3726.79
47,24,3816.23
47,25,4717.14
47,26,5427.79
47,27,4675.96
47,28,5143.22
47,29,4481.05
47,30,5805.37
47,31,6259.98
47,32,6324.24
47,33,6336.20
47,34,6150.34
47,35,5760.07
47,36,6053.88
47,37,7984.96
47,38,6241.24
47,39,4860.79
47,40,4266.13
47,41,4682.25
47,42,4870.28
47,43,3937.68
47,44,4421.38
47,45,3991.01
47,46,3724.89
48,0,2148.15
48,1,2148.15
48,2,2148.15
48,3,2148.15
48,4,2148.15
48,5,2620.48
48,6,2490.49
48,7,2782.50
48,8,2012.70
48,9,1937.53
48,10,1241.97
48,11,984.38
48,12,1333.40
48,13,1206.40
48,14,2697.59
48,15,1606.44
48,16,1952.39
48,17,2196.77
48,18,2625.94
48,19,2939.67
48,20,3391.54
48,21,3365.12
48,22,3482.56
48,23,4890.37
48,24,5053.19
48,25,5605.17
48,26,6428.44
48,27,5650.49
48,28,6198.18
48,29,5502.31
48,30,6291.36
48,31,6690.71
48,32,7540.40
48,33,7541.06
48,34,7312.75
48,35,6857.13
48,36,7199.07
48,37,9441.04
48,38,7166.40
48,39,5541.85
48,40,4795.25
48,41,5134.83
48,42,5328.20
48,43,5258.49
48,44,5817.47
48,45,5210.89
48,46,4873.79
48,47,4162.28
49,0,2148.15
49,1,2148.15
49,2,2148.15
49,3,2148.15
49,4,2148.15
49,5,2620.48
49,6,2490.49
49,7,2782.50
49,8,2012.70
49,9,2065.46
49,10,1327.07
49,11,1059.35
49,12,1421.67
49,13,1270.95
49,14,3084.27
49,15,1877.24
49,16,2179.95
49,17,2443.62
49,18,2906.19
49,19,3110.61
49,20,3582.97
49,21,3555.13
49,22,3677.81
49,23,5147.33
49,24,5317.27
49,25,5893.76
49,26,6753.50
49,27,5941.14
49,28,6512.83
49,29,5786.50
49,30,6610.91
49,31,6689.57
49,32,7539.58
49,33,7540.38
49,34,7312.43
49,35,6856.53
49,36,7165.92
49,37,9398.74
49,38,7390.49
49,39,5603.17
49,40,4783.25
49,41,5122.57
49,42,5316.98
49,43,5274.61
49,44,5835.55
49,45,5407.19
49,46,5058.38
49,47,4324.85
49,48,4781.20
50,0,2148.15
50,1,2148.15
50,2,2148.15
50,3,2148.15
50,4,2148.15
50,5,2620.48
50,6,2490.49
50,7,2782.50
50,8,1810.20
50,9,1859.72
50,10,1171.39
50,11,921.94
50,12,1259.90
50,13,1119.66
50,14,2810.40
50,15,1475.01
50,16,1735.36
50,17,1961.75
50,18,2359.27
50,19,2534.91
50,20,2940.45
50,21,2916.79
50,22,3022.10
50,23,4284.45
50,24,4430.49
50,25,4925.41
50,26,5663.70
50,27,4966.89
50,28,5458.17
50,29,4833.94
50,30,5404.11
50,31,5473.33
50,32,6187.24
50,33,5640.34
50,34,5574.27
50,35,5215.10
50,36,5459.42
50,37,7225.68
50,38,5567.84
50,39,4082.09
50,40,3731.82
50,41,3990.93
50,42,4154.72
50,43,4144.27
50,44,4608.56
50,45,4221.87
50,46,3940.44
50,47,3382.42
50,48,3830.89
50,49,4137.31
51,0,2148.15
51,1,2148.15
51,2,2148.15
51,3,2148.15
51,4,2148.15
51,5,2620.48
51,6,2490.49
51,7,2782.50
51,8,1810.20
51,9,1859.72
51,10,1143.68
51,11,897.46
51,12,1231.07
51,13,1092.70
51,14,2761.59
51,15,1443.56
51,16,1700.60
51,17,1924.05
51,18,2316.46
51,19,2489.85
51,20,2890.23
51,21,2866.97
51,22,2970.89
51,23,4217.05
51,24,4361.23
51,25,4849.69
51,26,5578.45
51,27,4786.68
51,28,5263.08
51,29,4657.74
51,30,5210.55
51,31,5278.23
51,32,5970.09
51,33,5440.74
51,34,5687.28
51,35,5321.79
51,36,5570.35
51,37,7456.84
51,38,6048.59
51,39,4423.36
51,40,3805.91
51,41,4081.60
51,42,4115.92
51,43,4048.99
51,44,4504.98
51,45,4269.82
51,46,3985.51
51,47,3543.73
51,48,3898.70
51,49,4199.00
51,50,3798.53
52,0,2148.15
52,1,2148.15
52,2,2148.15
52,3,2148.15
52,4,2148.15
52,5,2620.48
52,6,2490.49
52,7,2782.50
52,8,1810.20
52,9,1859.72
52,10,1143.68
52,11,897.46
52,12,1231.07
52,13,1136.82
52,14,2841.28
52,15,1501.38
52,16,1764.54
52,17,1993.35
52,18,2395.10
52,19,2572.63
52,20,2883.86
52,21,2671.58
52,22,2769.78
52,23,3952.38
52,24,4089.23
52,25,4551.41
52,26,5242.57
52,27,4496.68
52,28,4949.15
52,29,4374.20
52,30,4902.54
52,31,4967.76
52,32,5623.53
52,33,5125.74
52,34,5358.73
52,35,5011.74
52,36,5248.00
52,37,7042.82
52,38,5712.26
52,39,3943.53
52,40,3267.22
52,41,3731.61
52,42,3768.29
52,43,3706.95
52,44,4073.33
52,45,3588.09
52,46,3343.33
52,47,2995.65
52,48,3325.52
52,49,3798.66
52,50,4044.46
52,51,2983.25
53,0,2148.15
53,1,2148.15
53,2,2148.15
53,3,2148.15
53,4,2148.15
53,5,2620.48
53,6,2232.42
53,7,2502.70
53,8,1603.27
53,9,1649.48
53,10,990.10
53,11,761.57
53,12,1071.09
53,13,975.62
53,14,2549.49
53,15,1312.84
53,16,1556.09
53,17,1767.34
53,18,2138.35
53,19,2302.37
53,20,2417.87
53,21,2965.86
53,22,2965.86
53,23,4210.43
53,24,4354.42
53,25,4841.89
53,26,5569.60
53,27,4780.33
53,28,5256.21
53,29,4651.54
53,30,5207.95
53,31,5275.59
53,32,5966.74
53,33,4969.39
53,34,5197.70
53,35,4859.69
53,36,5089.92
53,37,6839.51
53,38,5566.30
53,39,4567.58
53,40,3662.16
53,41,4170.75
53,42,4050.48
53,43,3985.25
53,44,4810.73
53,45,4824.86
53,46,4508.17
53,47,4072.10
53,48,4514.15
53,49,4656.38
53,50,4671.89
53,51,3873.92
53,52,3628.27
54,0,2148.15
54,1,2148.15
54,2,2148.15
54,3,2148.15
54,4,2148.15
54,5,2394.44
54,6,1975.01
54,7,2223.63
54,8,1396.42
54,9,1439.32
54,10,742.11
54,11,542.62
54,12,813.33
54,13,730.48
54,14,2105.70
54,15,1025.81
54,16,1239.05
54,17,1423.59
54,18,1748.07
54,19,1891.55
54,20,1994.34
54,21,2473.29
54,22,2473.29
54,23,3562.19
54,24,3688.23
54,25,4113.83
54,26,4750.06
54,27,4065.10
54,28,4481.94
54,29,3952.22
54,30,5121.05
54,31,5188.02
54,32,5873.87
54,33,4877.52
54,34,5105.12
54,35,4772.29
54,36,4999.05
54,37,6721.60
54,38,5331.97
54,39,4369.05
54,40,3494.69
54,41,3984.68
54,42,3863.10
54,43,3800.53
54,44,4602.55
54,45,4617.22
54,46,4312.60
54,47,3894.51
54,48,4167.23
54,49,4417.44
54,50,4060.62
54,51,3528.82
54,52,3308.46
54,53,3084.74
55,0,2191.99
55,1,2191.99
55,2,2191.99
55,3,2191.99
55,4,2191.99
55,5,2413.72
55,6,2001.93
55,7,2252.79
55,8,1418.07
55,9,1461.38
55,10,659.79
55,11,469.83
55,12,727.62
55,13,659.36
55,14,1976.62
55,15,1446.83
55,16,1905.11
55,17,2145.44
55,18,2625.34
55,19,2743.00
55,20,3789.96
55,21,4561.93
55,22,4561.93
55,23,5559.98
55,24,5741.34
55,25,5836.36
55,26,6688.75
55,27,5763.49
55,28,6320.62
55,29,5612.90
55,30,7085.01
55,31,6854.47
55,32,7729.68
55,33,6439.82
55,34,6732.70
55,35,6309.09
55,36,6473.84
55,37,8623.12
55,38,6876.38
55,39,5494.85
55,40,4176.85
55,41,4743.50
55,42,4596.48
55,43,4524.10
55,44,5204.20
55,45,5221.31
55,46,4883.09
55,47,4668.95
55,48,4972.45
55,49,5786.73
55,50,5082.09
55,51,4427.07
55,52,4331.96
55,53,3877.00
55,54,3048.32
56,0,1894.06
56,1,1894.06
56,2,1894.06
56,3,1894.06
56,4,1894.06
56,5,2095.03
56,6,1637.97
56,7,1858.29
56,8,1145.71
56,9,1184.21
56,10,474.59
56,11,305.93
56,12,534.75
56,13,474.26
56,14,1643.34
56,15,1173.26
56,16,1580.07
56,17,1793.35
56,18,2219.23
56,19,2323.68
56,20,3253.97
56,21,3939.03
56,22,3939.03
56,23,4825.05
56,24,4986.07
56,25,5070.42
56,26,5827.05
56,27,5007.79
56,28,5502.57
56,29,4874.05
56,30,6180.42
56,31,5975.89
56,32,6752.53
56,33,5609.66
56,34,5869.39
56,35,5493.30
56,36,5639.61
56,37,7229.68
56,38,5597.45
56,39,4443.64
56,40,3344.22
56,41,3818.80
56,42,3699.45
56,43,3638.99
56,44,4223.48
56,45,4239.08
56,46,3955.86
56,47,3746.86
56,48,4002.57
56,49,4683.45
56,50,4096.68
56,51,3553.28
56,52,3410.12
56,53,3082.46
56,54,2647.38
56,55,2318.85
57,0,1894.06
57,1,1894.06
57,2,1894.06
57,3,1894.06
57,4,1894.06
57,5,2084.29
57,6,1628.83
57,7,1848.38
57,8,1124.57
57,9,1162.74
57,10,460.19
57,11,293.22
57,12,519.79
57,13,1161.54
57,14,2676.45
57,15,2874.26
57,16,3602.35
57,17,3710.89
57,18,4431.52
57,19,4608.14
57,20,5626.18
57,21,6068.78
57,22,6068.78
57,23,6187.91
57,24,6386.66
57,25,6490.81
57,26,7426.85
57,27,6411.73
57,28,6895.77
57,29,6132.37
57,30,7313.90
57,31,6796.92
57,32,7376.21
57,33,5357.99
57,34,5606.80
57,35,5024.35
57,36,5160.18
57,37,7192.85
57,38,5057.28
57,39,4971.92
57,40,4284.34
57,41,4866.16
57,42,4444.25
57,43,4375.02
57,44,5165.88
57,45,5183.04
57,46,4845.21
57,47,4598.38
57,48,4129.52
57,49,4287.13
57,50,4212.82
57,51,3444.34
57,52,3309.00
57,53,3048.17
57,54,2944.09
57,55,2782.61
57,56,2664.87
58,0,1894.06
58,1,1894.06
58,2,1894.06
58,3,1894.06
58,4,1894.06
58,5,2088.48
58,6,1632.40
58,7,1852.25
58,8,1127.45
58,9,1165.66
58,10,462.15
58,11,294.95
58,12,521.83
58,13,1164.45
58,14,2681.43
58,15,2879.51
58,16,3465.93
58,17,3571.22
58,18,4270.41
58,19,4441.78
58,20,5429.40
58,21,5858.77
58,22,5858.77
58,23,5974.36
58,24,6167.19
58,25,6268.23
58,26,7176.35
58,27,6191.95
58,28,6661.62
58,29,5920.89
58,30,7067.16
58,31,6565.84
58,32,7127.83
58,33,5170.44
58,34,5411.81
58,35,4846.84
58,36,4978.64
58,37,6951.15
58,38,4879.39
58,39,4796.49
58,40,4129.70
58,41,4694.26
58,42,4285.33
58,43,4201.68
58,44,4966.75
58,45,4983.32
58,46,4657.03
58,47,4418.33
58,48,3964.95
58,49,4117.36
58,50,4045.68
58,51,3302.78
58,52,3171.89
58,53,2919.83
58,54,2819.51
58,55,2659.25
58,56,2751.44
58,57,2455.94
59,0,1894.06
59,1,1894.06
59,2,1894.06
59,3,1894.06
59,4,1894.06
59,5,2088.48
59,6,1632.40
59,7,1852.25
59,8,915.37
59,9,950.18
59,10,317.63
59,11,167.47
59,12,371.75
59,13,950.26
59,14,2314.76
59,15,2492.86
59,16,3021.62
59,17,3116.31
59,18,3745.55
59,19,3899.79
59,20,4787.71
59,21,5173.73
59,22,5173.73
59,23,5277.74
59,24,5451.29
59,25,5542.21
59,26,6358.99
59,27,5475.07
59,28,5897.86
59,29,5231.06
59,30,6261.95
59,31,5811.66
59,32,6316.99
59,33,4558.91
59,34,4775.92
59,35,4221.55
59,36,4339.17
59,37,6099.71
59,38,4253.58
59,39,4179.31
59,40,3585.72
59,41,4089.50
59,42,3726.54
59,43,3652.32
59,44,4335.43
59,45,4352.23
59,46,4062.45
59,47,3849.16
59,48,3445.16
59,49,3581.03
59,50,3517.45
59,51,2856.05
59,52,2740.35
59,53,2517.24
59,54,2638.54
59,55,2417.79
59,56,2539.43
59,57,2258.89
59,58,2393.28
60,0,1894.06
60,1,1894.06
60,2,1894.06
60,3,1894.06
60,4,1894.06
60,5,2001.35
60,6,1558.22
60,7,1771.83
60,8,861.55
60,9,895.50
60,10,280.92
60,11,135.11
60,12,333.65
60,13,895.88
60,14,2221.68
60,15,2394.73
60,16,2908.90
60,17,3000.90
60,18,3612.40
60,19,3762.30
60,20,4380.92
60,21,4739.09
60,22,4739.09
60,23,4835.76
60,24,4997.06
60,25,5081.57
60,26,5840.43
60,27,4750.72
60,28,5126.14
60,29,4534.05
60,30,5447.27
60,31,7509.26
60,32,8174.38
60,33,5975.82
60,34,6247.60
60,35,5551.69
60,36,5699.58
60,37,5842.46
60,38,4071.20
60,39,3999.50
60,40,3431.26
60,41,3918.32
60,42,3573.84
60,43,3502.50
60,44,4161.78
60,45,4180.03
60,46,3901.33
60,47,3693.62
60,48,3307.24
60,49,3438.59
60,50,3376.60
60,51,3023.63
60,52,2822.73
60,53,2814.13
60,54,2947.83
60,55,2707.80
60,56,2797.90
60,57,2492.78
60,58,2637.05
60,59,2644.97
61,0,1894.06
61,1,1894.06
61,2,1894.06
61,3,1894.06
61,4,1894.06
61,5,2001.35
61,6,1558.22
61,7,1771.83
61,8,861.55
61,9,895.50
61,10,939.20
61,11,533.10
61,12,802.20
61,13,1564.57
61,14,3366.39
61,15,3602.47
61,16,4298.67
61,17,4423.84
61,18,5008.14
61,19,5203.57
61,20,5305.19
61,21,5727.41
61,22,5727.41
61,23,5840.77
61,24,6029.91
61,25,6129.01
61,26,7019.64
61,27,5727.10
61,28,6166.37
61,29,5473.58
61,30,6078.51
61,31,8342.85
61,32,9075.47
61,33,6622.84
61,34,6762.94
61,35,6016.69
61,36,6175.13
61,37,6328.37
61,38,4423.01
61,39,4346.47
61,40,3734.30
61,41,4255.25
61,42,4469.06
61,43,4382.55
61,44,5184.90
61,45,5204.62
61,46,4866.39
61,47,4624.13
61,48,3683.68
61,49,3827.05
61,50,3792.83
61,51,3946.84
61,52,3570.60
61,53,3565.10
61,54,3551.03
61,55,3237.36
61,56,3337.19
61,57,3007.84
61,58,3220.66
61,59,3193.08
61,60,2494.54
62,0,1894.06
62,1,1894.06
62,2,1894.06
62,3,1894.06
62,4,1894.06
62,5,1797.47
62,6,1333.28
62,7,1527.95
62,8,698.48
62,9,729.82
62,10,769.98
62,11,400.04
62,12,645.55
62,13,1341.01
62,14,2983.67
62,15,3198.85
62,16,3648.68
62,17,3758.35
62,18,4270.86
62,19,4442.24
62,20,4532.60
62,21,4902.45
62,22,4902.45
62,23,5001.87
62,24,5167.78
62,25,5254.70
62,26,6035.49
62,27,4905.44
62,28,5290.98
62,29,4682.94
62,30,5213.38
62,31,7200.41
62,32,7842.41
62,33,5697.41
62,34,5820.14
62,35,5165.98
62,36,5305.13
62,37,5439.48
62,38,3449.96
62,39,3386.83
62,40,2889.18
62,41,3315.66
62,42,3492.94
62,43,3423.00
62,44,4079.90
62,45,4445.64
62,46,4064.06
62,47,3679.93
62,48,3325.00
62,49,3457.73
62,50,3418.16
62,51,3378.14
62,52,3607.05
62,53,3604.40
62,54,3584.89
62,55,3264.47
62,56,3351.99
62,57,3117.09
62,58,3336.92
62,59,3009.44
62,60,2460.13
62,61,2066.84
63,0,1894.06
63,1,1894.06
63,2,1894.06
63,3,1894.06
63,4,1894.06
63,5,1797.47
63,6,1070.96
63,7,1243.56
63,8,508.80
63,9,537.10
63,10,574.45
63,11,246.27
63,12,464.52
63,13,1082.66
63,14,2541.42
63,15,2732.23
63,16,3080.59
63,17,3176.71
63,18,3626.48
63,19,3776.84
63,20,3862.84
63,21,4186.46
63,22,4186.46
63,23,4273.79
63,24,4419.53
63,25,4495.88
63,26,5181.24
63,27,4128.50
63,28,4463.23
63,29,3935.32
63,30,4394.85
63,31,6119.50
63,32,6674.52
63,33,6845.26
63,34,6923.98
63,35,5000.10
63,36,5135.49
63,37,5266.52
63,38,3315.51
63,39,3254.48
63,40,2764.14
63,41,3177.56
63,42,3214.55
63,43,3367.60
63,44,3657.36
63,45,3994.15
63,46,3994.15
63,47,3498.55
63,48,3150.42
63,49,3278.69
63,50,3278.69
63,51,3278.69
63,52,3500.65
63,53,3372.87
63,54,3350.78
63,55,3043.57
63,56,3227.06
63,57,2993.83
63,58,3186.68
63,59,2869.18
63,60,2941.10
63,61,2659.46
63,62,2366.30
64,0,1894.06
64,1,1894.06
64,2,1894.06
64,3,1894.06
64,4,1894.06
64,5,1797.47
64,6,1070.96
64,7,1243.56
64,8,508.80
64,9,443.53
64,10,478.59
64,11,170.93
64,12,375.83
64,13,956.08
64,14,2325.25
64,15,2504.35
64,16,2831.31
64,17,2921.53
64,18,3343.76
64,19,3484.90
64,20,3565.61
64,21,3869.35
64,22,3869.35
64,23,3951.32
64,24,4088.14
64,25,4159.80
64,26,4803.08
64,27,3765.48
64,28,4076.47
64,29,3586.00
64,30,4012.86
64,31,5615.15
64,32,6130.68
64,33,6289.27
64,34,6362.39
64,35,4575.47
64,36,4701.22
64,37,4822.93
64,38,3010.75
64,39,2954.01
64,40,2340.91
64,41,2707.48
64,42,2740.76
64,43,2876.42
64,44,3133.54
64,45,3432.07
64,46,3432.07
64,47,2935.19
64,48,2631.15
64,49,2743.18
64,50,2743.18
64,51,2743.18
64,52,2937.02
64,53,3010.71
64,54,2990.15
64,55,2708.15
64,56,2876.30
64,57,2661.56
64,58,2838.58
64,59,2424.58
64,60,2488.24
64,61,2201.04
64,62,2001.05
64,63,1716.72
65,0,1894.06
65,1,1894.06
65,2,1894.06
65,3,1894.06
65,4,1894.06
65,5,1797.47
65,6,1028.00
65,7,1196.98
65,8,477.72
65,9,413.91
65,10,448.53
65,11,130.73
65,12,328.50
65,13,888.53
65,14,2209.78
65,15,2382.56
65,16,2434.45
65,17,2515.23
65,18,2893.62
65,19,3020.06
65,20,3093.42
65,21,3365.31
65,22,3365.31
65,23,3438.76
65,24,3561.39
65,25,3625.60
65,26,4201.87
65,27,3274.57
65,28,3553.46
65,29,3113.62
65,30,3496.09
65,31,4932.76
65,32,5394.41
65,33,5538.53
65,34,5603.99
65,35,4002.62
65,36,4115.38
65,37,4224.40
65,38,2602.09
65,39,2551.02
65,40,2002.50
65,41,2331.37
65,42,2271.22
65,43,2389.46
65,44,2614.26
65,45,2874.42
65,46,2874.42
65,47,2884.57
65,48,2585.26
65,49,2695.91
65,50,2695.91
65,51,2695.91
65,52,2887.10
65,53,2960.03
65,54,2940.65
65,55,2662.69
65,56,2829.25
65,57,2720.42
65,58,2900.69
65,59,2495.59
65,60,2560.67
65,61,2384.38
65,62,2173.69
65,63,2150.95
65,64,2041.08
66,0,1894.06
66,1,1894.06
66,2,1894.06
66,3,1894.06
66,4,1894.06
66,5,1622.67
66,6,901.63
66,7,1059.98
66,8,1764.32
66,9,1492.54
66,10,1835.38
66,11,1205.60
66,12,1593.92
66,13,2694.49
66,14,3008.68
66,15,3225.58
66,16,3283.73
66,17,3283.73
66,18,3744.97
66,19,3899.20
66,20,3989.09
66,21,4322.27
66,22,4322.27
66,23,4411.89
66,24,4561.46
66,25,4639.81
66,26,5344.56
66,27,4206.54
66,28,4546.37
66,29,4010.42
66,30,4477.84
66,31,6229.62
66,32,6794.75
66,33,7498.13
66,34,7583.95
66,35,5497.26
66,36,5643.93
66,37,5786.85
66,38,3785.47
66,39,3637.51
66,40,2913.03
66,41,3110.70
66,42,3033.80
66,43,3033.80
66,44,3326.69
66,45,3641.35
66,46,3641.35
66,47,3654.60
66,48,3297.79
66,49,3297.79
66,50,3297.79
66,51,3297.79
66,52,3522.85
66,53,3607.78
66,54,3516.74
66,55,3194.76
66,56,3385.66
66,57,3257.78
66,58,3464.53
66,59,3266.76
66,60,3347.61
66,61,2729.65
66,62,2736.36
66,63,2593.29
66,64,2546.56
66,65,2770.05
67,0,1894.06
67,1,1894.06
67,2,1894.06
67,3,1894.06
67,4,1894.06
67,5,1622.67
67,6,919.95
67,7,1079.84
67,8,1791.04
67,9,1516.58
67,10,1862.47
67,11,1226.60
67,12,1618.64
67,13,2729.76
67,14,3046.97
67,15,3265.98
67,16,3769.52
67,17,3769.52
67,18,4283.12
67,19,4454.90
67,20,4554.66
67,21,4926.99
67,22,4926.99
67,23,5026.84
67,24,5193.43
67,25,5280.72
67,26,6067.03
67,27,4795.05
67,28,5173.38
67,29,4576.72
67,30,5098.07
67,31,7049.04
67,32,7680.12
67,33,8463.46
67,34,8559.37
67,35,6233.83
67,36,6397.20
67,37,6556.87
67,38,4320.33
67,39,4155.81
67,40,3301.58
67,41,3518.96
67,42,3433.53
67,43,3433.53
67,44,3755.53
67,45,3845.97
67,46,3845.97
67,47,3860.26
67,48,3485.59
67,49,3485.59
67,50,3485.59
67,51,3485.59
67,52,3721.71
67,53,3810.38
67,54,3712.99
67,55,3375.10
67,56,3574.24
67,57,3439.79
67,58,3655.48
67,59,3448.74
67,60,3533.52
67,61,3198.33
67,62,3204.99
67,63,3038.86
67,64,2984.20
67,65,3234.81
67,66,3136.75
68,0,1894.06
68,1,1894.06
68,2,1894.06
68,3,1894.06
68,4,1894.06
68,5,1622.67
68,6,919.95
68,7,1079.84
68,8,1791.04
68,9,1516.58
68,10,1862.47
68,11,4729.26
68,12,5002.14
68,13,5002.14
68,14,5002.14
68,15,5286.79
68,16,5705.59
68,17,5705.59
68,18,6428.07
68,19,6428.07
68,20,6564.18
68,21,7072.21
68,22,7072.21
68,23,7072.21
68,24,7295.44
68,25,7295.44
68,26,7819.70
68,27,5849.94
68,28,6297.24
68,29,5591.79
68,30,5881.76
68,31,8138.01
68,32,8699.88
68,33,9576.29
68,34,9683.59
68,35,7082.01
68,36,7264.82
68,37,7443.46
68,38,4941.21
68,39,4757.48
68,40,3866.73
68,41,3810.35
68,42,3719.56
68,43,3719.56
68,44,4062.37
68,45,4158.84
68,46,4158.84
68,47,4174.05
68,48,3657.95
68,49,3657.95
68,50,3657.95
68,51,3657.95
68,52,3903.29
68,53,3903.29
68,54,3804.98
68,55,3460.86
68,56,3460.86
68,57,3372.37
68,58,3585.26
68,59,3381.73
68,60,3465.48
68,61,3135.82
68,62,3142.41
68,63,2739.46
68,64,2689.51
68,65,2962.44
68,66,2870.61
68,67,2271.86
69,0,1894.06
69,1,1894.06
69,2,1894.06
69,3,1894.06
69,4,1894.06
69,5,1622.67
69,6,928.60
69,7,1089.21
69,8,1803.65
69,9,1527.93
69,10,1875.26
69,11,4754.90
69,12,5029.01
69,13,5029.01
69,14,5029.01
69,15,5314.96
69,16,5735.68
69,17,5735.68
69,18,6461.40
69,19,6461.40
69,20,6082.78
69,21,6557.50
69,22,6557.50
69,23,6557.50
69,24,6766.48
69,25,6766.48
69,26,7257.14
69,27,5294.94
69,28,5705.95
69,29,5057.74
69,30,5323.59
69,31,7396.50
69,32,7911.27
69,33,8716.47
69,34,8814.77
69,35,6425.95
69,36,6593.87
69,37,6757.90
69,38,4466.67
69,39,4297.64
69,40,3482.38
69,41,3430.48
69,42,3585.03
69,43,3585.03
69,44,3918.06
69,45,4011.56
69,46,4011.56
69,47,4026.12
69,48,4026.12
69,49,4026.12
69,50,4026.12
69,51,4026.12
69,52,4294.21
69,53,4294.21
69,54,4185.24
69,55,3811.82
69,56,3811.82
69,57,3811.82
69,58,3811.82
69,59,3597.64
69,60,3685.93
69,61,4038.07
69,62,3908.00
69,63,3422.02
69,64,3359.90
69,65,3589.48
69,66,3390.54
69,67,2697.67
69,68,2553.33
70,0,1894.06
70,1,1894.06
70,2,1894.06
70,3,1894.06
70,4,1894.06
70,5,1622.67
70,6,928.60
70,7,1089.21
70,8,1803.65
70,9,1149.55
70,10,1350.94
70,11,3703.41
70,12,3927.35
70,13,3927.35
70,14,3927.35
70,15,4160.77
70,16,4504.04
70,17,4504.04
70,18,5096.89
70,19,5096.89
70,20,4788.41
70,21,5175.92
70,22,5175.92
70,23,5175.92
70,24,5346.64
70,25,5346.64
70,26,5747.35
70,27,4147.75
70,28,4483.74
70,29,3953.84
70,30,4170.86
70,31,5865.24
70,32,6285.45
70,33,6943.46
70,34,7023.70
70,35,7023.70
70,36,7023.70
70,37,7197.23
70,38,4776.54
70,39,4580.00
70,40,3370.90
70,41,3320.19
70,42,3471.13
70,43,3471.13
70,44,3795.86
70,45,3887.02
70,46,3887.02
70,47,3993.10
70,48,3993.10
70,49,3993.10
70,50,3993.10
70,51,3993.10
70,52,4259.37
70,53,4259.37
70,54,4153.10
70,55,3783.00
70,56,3783.00
70,57,3783.00
70,58,3783.00
70,59,3652.81
70,60,3742.42
70,61,4099.81
70,62,3832.58
70,63,3530.17
70,64,3053.51
70,65,3343.46
70,66,3154.73
70,67,2821.45
70,68,2863.88
70,69,2863.88
71,0,1894.06
71,1,1894.06
71,2,1894.06
71,3,1894.06
71,4,1894.06
71,5,1622.67
71,6,928.60
71,7,1089.21
71,8,1803.65
71,9,1149.55
71,10,1350.94
71,11,3703.41
71,12,3927.35
71,13,3927.35
71,14,3927.35
71,15,4160.77
71,16,4504.04
71,17,4504.04
71,18,5096.89
71,19,5096.89
71,20,4788.41
71,21,5175.92
71,22,5175.92
71,23,5175.92
71,24,5346.64
71,25,5346.64
71,26,5747.35
71,27,4147.75
71,28,4483.74
71,29,3953.84
71,30,4170.86
71,31,5865.24
71,32,6285.45
71,33,6943.46
71,34,7023.70
71,35,7023.70
71,36,7023.70
71,37,7197.23
71,38,4776.54
71,39,4580.00
71,40,3370.90
71,41,3320.19
71,42,3471.13
71,43,3471.13
71,44,3795.86
71,45,3887.02
71,46,3887.02
71,47,3993.10
71,48,3993.10
71,49,3993.10
71,50,3993.10
71,51,3993.10
71,52,4259.37
71,53,4259.37
71,54,4153.10
71,55,3783.00
71,56,3783.00
71,57,3783.00
71,58,3783.00
71,59,3652.81
71,60,3742.42
71,61,4180.23
71,62,3908.43
71,63,3600.79
71,64,3057.08
71,65,2861.26
71,66,2609.58
71,67,2414.15
71,68,2452.56
71,69,2452.56
71,70,1941.78
72,0,1690.86
72,1,1690.86
72,2,1690.86
72,3,1690.86
72,4,1690.86
72,5,1438.59
72,6,793.42
72,7,942.72
72,8,1606.82
72,9,532.16
72,10,675.35
72,11,2348.70
72,12,2508.00
72,13,2508.00
72,14,2508.00
72,15,2673.97
72,16,2918.05
72,17,2918.05
72,18,3339.76
72,19,3339.76
72,20,3120.42
72,21,3395.95
72,22,3395.95
72,23,3395.95
72,24,3517.39
72,25,3517.39
72,26,3802.31
72,27,2664.95
72,28,2903.97
72,29,2527.00
72,30,2681.30
72,31,3886.61
72,32,4185.38
72,33,4653.25
72,34,4710.30
72,35,4710.30
72,36,4710.30
72,37,4833.69
72,38,3112.50
72,39,2972.68
72,40,2707.83
72,41,2707.83
72,42,2950.37
72,43,2950.37
72,44,3237.19
72,45,3317.89
72,46,3317.89
72,47,3411.79
72,48,3411.79
72,49,3411.79
72,50,3411.79
72,51,3411.79
72,52,3647.51
72,53,3647.51
72,54,3552.80
72,55,3225.18
72,56,3225.18
72,57,3225.18
72,58,3225.18
72,59,3225.18
72,60,3306.74
72,61,3659.39
72,62,3414.44
72,63,3137.81
72,64,2706.45
72,65,2425.04
72,66,2201.89
72,67,2102.63
72,68,2138.97
72,69,2138.97
72,70,1646.52
72,71,1107.78
73,0,1690.86
73,1,1690.86
73,2,1690.86
73,3,1690.86
73,4,1690.86
73,5,1438.59
73,6,793.42
73,7,942.72
73,8,1606.82
73,9,532.16
73,10,675.35
73,11,2348.70
73,12,2508.00
73,13,2508.00
73,14,2508.00
73,15,2673.97
73,16,2918.05
73,17,2918.05
73,18,3339.76
73,19,3339.76
73,20,3120.42
73,21,3395.95
73,22,3395.95
73,23,3395.95
73,24,3517.39
73,25,3517.39
73,26,3802.31
73,27,2664.95
73,28,2903.97
73,29,2527.00
73,30,2681.30
73,31,3886.61
73,32,4185.38
73,33,4653.25
73,34,4710.30
73,35,4710.30
73,36,4710.30
73,37,4833.69
73,38,3112.50
73,39,2972.68
73,40,2707.83
73,41,2707.83
73,42,2950.37
73,43,2950.37
73,44,3237.19
73,45,3317.89
73,46,3317.89
73,47,3411.79
73,48,3411.79
73,49,3411.79
73,50,3411.79
73,51,3411.79
73,52,3647.51
73,53,3647.51
73,54,3552.80
73,55,3225.18
73,56,3225.18
73,57,3225.18
73,58,3225.18
73,59,3225.18
73,60,3306.74
73,61,3659.39
73,62,3414.44
73,63,3137.81
73,64,2706.45
73,65,2425.04
73,66,2201.89
73,67,2087.30
73,68,2123.13
73,69,2123.13
73,70,1631.21
73,71,1210.83
73,72,928.20
74,0,1690.86
74,1,1690.86
74,2,1690.86
74,3,1690.86
74,4,1690.86
74,5,1438.59
74,6,793.42
74,7,942.72
74,8,1606.82
74,9,532.16
74,10,675.35
74,11,2348.70
74,12,2508.00
74,13,2508.00
74,14,2508.00
74,15,2673.97
74,16,2918.05
74,17,2918.05
74,18,3339.76
74,19,3339.76
74,20,3120.42
74,21,3395.95
74,22,3395.95
74,23,3395.95
74,24,3517.39
74,25,3517.39
74,26,3802.31
74,27,3366.51
74,28,3651.41
74,29,3202.09
74,30,3388.66
74,31,4820.16
74,32,5181.03
74,33,5738.07
74,34,5806.98
74,35,5806.98
74,36,5806.98
74,37,5954.26
74,38,3824.90
74,39,3660.80
74,40,3343.50
74,41,3343.50
74,42,3627.84
74,43,3627.84
74,44,3963.98
74,45,4060.17
74,46,4060.17
74,47,4172.11
74,48,4172.11
74,49,4172.11
74,50,4172.11
74,51,4172.11
74,52,4453.09
74,53,4453.09
74,54,4329.70
74,55,3938.56
74,56,3938.56
74,57,3938.56
74,58,3938.56
74,59,3938.56
74,60,4034.56
74,61,3884.13
74,62,3626.42
74,63,3335.19
74,64,3108.32
74,65,3113.01
74,66,2860.69
74,67,2720.40
74,68,2538.89
74,69,2538.89
74,70,1955.04
74,71,1424.48
74,72,996.32
74,73,1014.06
75,0,3299.39
75,1,3299.39
75,2,3299.39
75,3,3299.39
75,4,3299.39
75,5,2895.76
75,6,1863.49
75,7,2102.36
75,8,3164.93
75,9,3084.98
75,10,3171.73
75,11,3741.64
75,12,3741.64
75,13,3741.64
75,14,3741.64
75,15,3966.35
75,16,4296.54
75,17,4296.54
75,18,4274.15
75,19,4274.15
75,20,4008.18
75,21,4343.48
75,22,4343.48
75,23,4343.48
75,24,4343.48
75,25,4343.48
75,26,4681.13
75,27,4165.09
75,28,4165.09
75,29,4165.09
75,30,4394.68
75,31,4490.30
75,32,4830.91
75,33,5357.19
75,34,5422.23
75,35,5422.23
75,36,5422.23
75,37,5561.34
75,38,3507.30
75,39,3507.30
75,40,3255.52
75,41,3255.52
75,42,3534.71
75,43,3534.71
75,44,3534.71
75,45,3622.53
75,46,3622.53
75,47,3724.73
75,48,3724.73
75,49,3724.73
75,50,3724.73
75,51,3724.73
75,52,3981.28
75,53,3981.28
75,54,3347.49
75,55,3031.87
75,56,3031.87
75,57,3031.87
75,58,3031.87
75,59,3031.87
75,60,3110.06
75,61,2449.76
75,62,2398.30
75,63,2275.60
75,64,2103.46
75,65,2404.10
75,66,2128.94
75,67,1815.89
75,68,1523.44
75,69,1523.44
75,70,1141.01
75,71,752.58
75,72,714.44
75,73,845.01
75,74,707.04
76,0,3299.39
76,1,3299.39
76,2,3299.39
76,3,3299.39
76,4,3299.39
76,5,2895.76
76,6,1863.49
76,7,2102.36
76,8,3164.93
76,9,3084.98
76,10,3171.73
76,11,3741.64
76,12,3741.64
76,13,3741.64
76,14,3741.64
76,15,3966.35
76,16,4296.54
76,17,4296.54
76,18,4274.15
76,19,4274.15
76,20,4008.18
76,21,4343.48
76,22,4343.48
76,23,4343.48
76,24,4343.48
76,25,4343.48
76,26,4681.13
76,27,4076.85
76,28,4076.85
76,29,4076.85
76,30,4302.49
76,31,4396.48
76,32,4731.24
76,33,5248.49
76,34,5312.42
76,35,5312.42
76,36,5312.42
76,37,5449.14
76,38,3430.34
76,39,3430.34
76,40,3182.88
76,41,3182.88
76,42,3457.29
76,43,3457.29
76,44,3457.29
76,45,3543.61
76,46,3543.61
76,47,3644.06
76,48,3644.06
76,49,3644.06
76,50,3644.06
76,51,3644.06
76,52,3896.20
76,53,3896.20
76,54,3273.28
76,55,2963.08
76,56,2963.08
76,57,2963.08
76,58,2963.08
76,59,2963.08
76,60,3039.93
76,61,2390.96
76,62,2340.39
76,63,2219.80
76,64,2050.60
76,65,2346.08
76,66,2075.64
76,67,1767.96
76,68,1480.53
76,69,1480.53
76,70,1104.65
76,71,691.11
76,72,586.08
76,73,760.17
76,74,635.68
76,75,679.85
77,0,2935.43
77,1,2935.43
77,2,2935.43
77,3,2935.43
77,4,2935.43
77,5,2342.76
77,6,1457.64
77,7,1662.46
77,8,2573.57
77,9,2505.02
77,10,2471.38
77,11,2945.29
77,12,2945.29
77,13,2945.29
77,14,2945.29
77,15,3132.05
77,16,3406.31
77,17,3406.31
77,18,3387.70
77,19,3387.70
77,20,3013.35
77,21,3281.37
77,22,3281.37
77,23,3281.37
77,24,3281.37
77,25,3281.37
77,26,3551.67
77,27,3068.83
77,28,3068.83
77,29,3068.83
77,30,3249.30
77,31,3324.54
77,32,3592.18
77,33,4006.44
77,34,4057.55
77,35,4057.55
77,36,4057.55
77,37,4166.97
77,38,1997.87
77,39,1997.87
77,40,1832.61
77,41,1832.61
77,42,2018.22
77,43,2018.22
77,44,2018.22
77,45,2076.31
77,46,2076.31
77,47,2143.90
77,48,2143.90
77,49,2143.90
77,50,2143.90
77,51,2143.90
77,52,2313.50
77,53,2313.50
77,54,1715.05
77,55,1521.94
77,56,1521.94
77,57,1521.94
77,58,1521.94
77,59,1521.94
77,60,1570.36
77,61,1604.44
77,62,1568.01
77,63,1477.58
77,64,1347.50
77,65,1573.80
77,66,1231.97
77,67,1012.35
77,68,810.24
77,69,810.24
77,70,737.89
77,71,555.18
77,72,582.54
77,73,665.23
77,74,627.96
77,75,757.34
77,76,702.81
78,0,2935.43
78,1,2935.43
78,2,2935.43
78,3,2935.43
78,4,2935.43
78,5,2342.76
78,6,1457.64
78,7,1662.46
78,8,2573.57
78,9,2505.02
78,10,2471.38
78,11,2945.29
78,12,2945.29
78,13,2945.29
78,14,2945.29
78,15,3132.05
78,16,3406.31
78,17,3406.31
78,18,3387.70
78,19,3387.70
78,20,3013.35
78,21,3281.37
78,22,3281.37
78,23,3281.37
78,24,3281.37
78,25,3281.37
78,26,3551.67
78,27,3068.83
78,28,3068.83
78,29,3068.83
78,30,3249.30
78,31,3324.54
78,32,3592.18
78,33,4006.44
78,34,4057.55
78,35,4057.55
78,36,4057.55
78,37,4166.97
78,38,1997.87
78,39,1997.87
78,40,1832.61
78,41,1832.61
78,42,2018.22
78,43,2018.22
78,44,2018.22
78,45,2076.31
78,46,2076.31
78,47,2143.90
78,48,2143.90
78,49,2143.90
78,50,2143.90
78,51,2143.90
78,52,2313.50
78,53,2313.50
78,54,1715.05
78,55,1525.32
78,56,1525.32
78,57,1525.32
78,58,1525.32
78,59,1525.32
78,60,1573.81
78,61,1607.94
78,62,1571.44
78,63,1480.87
78,64,1350.62
78,65,1577.23
78,66,1234.92
78,67,1014.99
78,68,812.60
78,69,812.60
78,70,740.15
78,71,557.18
78,72,584.56
78,73,667.37
78,74,630.04
78,75,776.00
78,76,731.09
78,77,643.74
79,0,2105.07
79,1,2105.07
79,2,2105.07
79,3,2105.07
79,4,2105.07
79,5,1637.77
79,6,939.88
79,7,1101.38
79,8,1819.75
79,9,1765.70
79,10,1741.11
79,11,2115.04
79,12,2115.04
79,13,2115.04
79,14,2115.04
79,15,2262.40
79,16,2478.80
79,17,2478.80
79,18,2464.11
79,19,2464.11
79,20,1999.47
79,21,2199.23
79,22,2199.23
79,23,2199.23
79,24,2199.23
79,25,2199.23
79,26,2401.02
79,27,2548.76
79,28,2548.76
79,29,2548.76
79,30,2706.39
79,31,2772.15
79,32,3005.77
79,33,3367.96
79,34,3412.57
79,35,3412.57
79,36,3412.57
79,37,3508.20
79,38,1568.70
79,39,1568.70
79,40,1117.09
79,41,1117.09
79,42,1117.09
79,43,1117.09
79,44,1117.09
79,45,1157.71
79,46,1157.71
79,47,1204.97
79,48,1204.97
79,49,1204.97
79,50,1204.97
79,51,1204.97
79,52,1323.50
79,53,1323.50
79,54,906.10
79,55,1010.95
79,56,1010.95
79,57,1010.95
79,58,1010.95
79,59,1010.95
79,60,1049.95
79,61,1049.95
79,62,1228.00
79,63,1228.00
79,64,1228.00
79,65,1397.39
79,66,1074.79
79,67,869.46
79,68,879.58
79,69,879.58
79,70,879.58
79,71,795.53
79,72,771.76
79,73,869.82
79,74,826.29
79,75,915.47
79,76,904.41
79,77,872.31
79,78,686.18
80,0,2105.07
80,1,2105.07
80,2,2105.07
80,3,2105.07
80,4,2105.07
80,5,1637.77
80,6,939.88
80,7,1101.38
80,8,1819.75
80,9,1765.70
80,10,1114.35
80,11,1402.30
80,12,1402.30
80,13,1402.30
80,14,1402.30
80,15,1515.29
80,16,1680.55
80,17,1680.55
80,18,1669.30
80,19,1669.30
80,20,2387.08
80,21,2693.22
80,22,2693.22
80,23,2693.22
80,24,2693.22
80,25,2693.22
80,26,2926.37
80,27,2878.80
80,28,2878.80
80,29,2878.80
80,30,2878.80
80,31,2955.44
80,32,3203.45
80,33,3582.77
80,34,3630.13
80,35,3630.13
80,36,3630.13
80,37,3730.50
80,38,1692.86
80,39,1692.86
80,40,1218.11
80,41,1218.11
80,42,1218.11
80,43,1218.11
80,44,1218.11
80,45,1218.11
80,46,1218.11
80,47,1218.11
80,48,1218.11
80,49,1218.11
80,50,1218.11
80,51,1218.11
80,52,1338.68
80,53,1338.68
80,54,1362.53
80,55,1465.84
80,56,1465.84
80,57,1465.84
80,58,1465.84
80,59,1465.84
80,60,1514.02
80,61,1514.02
80,62,1406.64
80,63,1406.64
80,64,1406.64
80,65,1493.84
80,66,1148.72
80,67,1148.72
80,68,1160.52
80,69,1160.52
80,70,1160.52
80,71,1280.97
80,72,1227.21
80,73,1243.63
80,74,1094.81
80,75,1392.27
80,76,1328.56
80,77,1310.92
80,78,1095.97
80,79,1273.88
81,0,2054.29
81,1,2054.29
81,2,2054.29
81,3,2054.29
81,4,2054.29
81,5,1568.04
81,6,888.70
81,7,1045.90
81,8,1745.18
81,9,1692.57
81,10,1058.53
81,11,1338.84
81,12,1338.84
81,13,1338.84
81,14,1338.84
81,15,1448.82
81,16,1609.69
81,17,1609.69
81,18,1598.73
81,19,1598.73
81,20,2297.44
81,21,2595.44
81,22,2595.44
81,23,2595.44
81,24,2595.44
81,25,2595.44
81,26,2822.39
81,27,2776.09
81,28,2776.09
81,29,2776.09
81,30,2776.09
81,31,2850.69
81,32,3092.10
81,33,3461.35
81,34,3507.45
81,35,3507.45
81,36,3507.45
81,37,3605.16
81,38,1621.68
81,39,1621.68
81,40,1190.55
81,41,1190.55
81,42,1190.55
81,43,1190.55
81,44,1190.55
81,45,1190.55
81,46,1190.55
81,47,1190.55
81,48,1190.55
81,49,1190.55
81,50,1190.55
81,51,1190.55
81,52,1309.64
81,53,1309.64
81,54,1333.20
81,55,1435.24
81,56,1435.24
81,57,1435.24
81,58,1435.24
81,59,1435.24
81,60,1482.84
81,61,1482.84
81,62,1376.74
81,63,1376.74
81,64,1376.74
81,65,1462.87
81,66,1121.98
81,67,1121.98
81,68,1133.64
81,69,1133.64
81,70,1133.64
81,71,1252.61
81,72,1356.40
81,73,1373.88
81,74,1215.30
81,75,1577.70
81,76,1508.62
81,77,1489.50
81,78,1256.20
81,79,1515.72
81,80,1490.02
82,0,2054.29
82,1,2054.29
82,2,2054.29
82,3,2054.29
82,4,2054.29
82,5,1568.04
82,6,888.70
82,7,1045.90
82,8,1745.18
82,9,1692.57
82,10,1058.53
82,11,1338.84
82,12,1338.84
82,13,1338.84
82,14,1338.84
82,15,1448.82
82,16,1609.69
82,17,1609.69
82,18,1598.73
82,19,1598.73
82,20,2297.44
82,21,2595.44
82,22,2595.44
82,23,2595.44
82,24,2595.44
82,25,2595.44
82,26,2822.39
82,27,2776.09
82,28,2776.09
82,29,2776.09
82,30,2776.09
82,31,2850.69
82,32,3092.10
82,33,3461.35
82,34,3507.45
82,35,3507.45
82,36,3507.45
82,37,3605.16
82,38,1621.68
82,39,1621.68
82,40,1122.91
82,41,1122.91
82,42,1122.91
82,43,1122.91
82,44,1122.91
82,45,1122.91
82,46,1122.91
82,47,1122.91
82,48,1122.91
82,49,1122.91
82,50,1122.91
82,51,1122.91
82,52,1238.24
82,53,1238.24
82,54,1261.05
82,55,1359.86
82,56,1359.86
82,57,1359.86
82,58,1359.86
82,59,1359.86
82,60,1405.95
82,61,1405.95
82,62,1303.53
82,63,1303.53
82,64,1303.53
82,65,1386.94
82,66,1056.83
82,67,1056.83
82,68,1068.12
82,69,1068.12
82,70,1068.12
82,71,1183.33
82,72,1283.84
82,73,1300.76
82,74,1147.48
82,75,1560.08
82,76,1373.66
82,77,1355.54
82,78,1152.84
82,79,1401.33
82,80,1377.31
82,81,1278.93
83,0,2054.29
83,1,2054.29
83,2,2054.29
83,3,2054.29
83,4,2054.29
83,5,1568.04
83,6,888.70
83,7,1045.90
83,8,1745.18
83,9,1692.57
83,10,1006.33
83,11,1279.48
83,12,1279.48
83,13,1279.48
83,14,1279.48
83,15,1386.60
83,16,1543.21
83,17,1543.21
83,18,1532.53
83,19,1532.53
83,20,2213.30
83,21,2503.54
83,22,2503.54
83,23,2503.54
83,24,2503.54
83,25,2503.54
83,26,2724.66
83,27,2679.55
83,28,2679.55
83,29,2679.55
83,30,2679.55
83,31,2752.23
83,32,2987.36
83,33,3347.16
83,34,3392.06
83,35,3392.06
83,36,3392.06
83,37,3487.26
83,38,1555.83
83,39,1555.83
83,40,1070.26
83,41,1070.26
83,42,1070.26
83,43,1070.26
83,44,1070.26
83,45,1070.26
83,46,1070.26
83,47,1070.26
83,48,1070.26
83,49,1070.26
83,50,1070.26
83,51,1070.26
83,52,1182.59
83,53,1182.59
83,54,1204.82
83,55,1301.11
83,56,1301.11
83,57,1301.11
83,58,1301.11
83,59,1301.11
83,60,1346.01
83,61,1346.01
83,62,1246.46
83,63,1246.46
83,64,1246.46
83,65,1327.72
83,66,1006.20
83,67,1006.20
83,68,1017.20
83,69,1017.20
83,70,1017.20
83,71,1129.41
83,72,1227.30
83,73,1243.78
83,74,1094.63
83,75,1491.01
83,76,1309.86
83,77,1292.25
83,78,1095.63
83,79,1337.34
83,80,1314.26
83,81,1218.77
83,82,1097.35
84,0,2054.29
84,1,2054.29
84,2,2054.29
84,3,2054.29
84,4,2054.29
84,5,1568.04
84,6,888.70
84,7,1045.90
84,8,1745.18
84,9,1692.57
84,10,1006.33
84,11,1279.48
84,12,1279.48
84,13,1279.48
84,14,1279.48
84,15,1386.60
84,16,1543.21
84,17,1543.21
84,18,1532.53
84,19,1532.53
84,20,2213.30
84,21,2503.54
84,22,2503.54
84,23,2503.54
84,24,2503.54
84,25,2503.54
84,26,2724.66
84,27,2679.55
84,28,2679.55
84,29,2679.55
84,30,2679.55
84,31,2752.23
84,32,2987.36
84,33,3347.16
84,34,3392.06
84,35,3392.06
84,36,3392.06
84,37,3487.26
84,38,1555.83
84,39,1555.83
84,40,1070.26
84,41,1070.26
84,42,1070.26
84,43,1070.26
84,44,1070.26
84,45,1070.26
84,46,1070.26
84,47,1070.26
84,48,1070.26
84,49,1070.26
84,50,1070.26
84,51,1070.26
84,52,1182.59
84,53,1182.59
84,54,1204.82
84,55,1301.11
84,56,1301.11
84,57,1301.11
84,58,1301.11
84,59,1301.11
84,60,1346.01
84,61,1346.01
84,62,1246.46
84,63,1246.46
84,64,1246.46
84,65,1327.72
84,66,1006.20
84,67,1006.20
84,68,1017.20
84,69,1017.20
84,70,1017.20
84,71,1129.41
84,72,1227.30
84,73,1243.78
84,74,1479.79
84,75,2032.69
84,76,1809.62
84,77,1787.93
84,78,1429.94
84,79,1437.38
84,80,1367.74
84,81,1269.79
84,82,1100.48
84,83,768.44
85,0,1496.09
85,1,1496.09
85,2,1496.09
85,3,1496.09
85,4,1496.09
85,5,605.29
85,6,182.19
85,7,280.10
85,8,715.61
85,9,682.84
85,10,990.47
85,11,1261.57
85,12,1261.57
85,13,1261.57
85,14,1261.57
85,15,1261.57
85,16,1130.97
85,17,1130.97
85,18,1130.97
85,19,1130.97
85,20,1703.44
85,21,1703.44
85,22,1703.44
85,23,1703.44
85,24,1703.44
85,25,1703.44
85,26,1873.88
85,27,1839.11
85,28,1839.11
85,29,1839.11
85,30,1839.11
85,31,1895.13
85,32,1895.13
85,33,2203.52
85,34,2203.52
85,35,2203.52
85,36,2203.52
85,37,2272.87
85,38,1892.30
85,39,1892.30
85,40,1249.96
85,41,1249.96
85,42,1249.96
85,43,1249.96
85,44,1249.96
85,45,1249.96
85,46,1249.96
85,47,1249.96
85,48,1249.96
85,49,1249.96
85,50,1249.96
85,51,1249.96
85,52,1249.96
85,53,1249.96
85,54,1249.96
85,55,1348.87
85,56,1348.87
85,57,1348.87
85,58,1348.87
85,59,1348.87
85,60,1348.87
85,61,1348.87
85,62,1309.29
85,63,1309.29
85,64,1309.29
85,65,1309.29
85,66,1309.29
85,67,1309.29
85,68,1309.29
85,69,1309.29
85,70,1309.29
85,71,1309.29
85,72,1309.29
85,73,1309.29
85,74,1309.29
85,75,1660.80
85,76,1752.64
85,77,1752.64
85,78,1393.61
85,79,1401.02
85,80,1401.02
85,81,1401.02
85,82,1265.55
85,83,898.83
85,84,1022.34
86,0,1496.09
86,1,1496.09
86,2,1496.09
86,3,1496.09
86,4,1496.09
86,5,605.29
86,6,182.19
86,7,280.10
86,8,715.61
86,9,682.84
86,10,990.47
86,11,1261.57
86,12,1261.57
86,13,1261.57
86,14,1261.57
86,15,1261.57
86,16,1130.97
86,17,1130.97
86,18,1130.97
86,19,1130.97
86,20,1703.44
86,21,1703.44
86,22,1703.44
86,23,1703.44
86,24,1703.44
86,25,1703.44
86,26,1873.88
86,27,1839.11
86,28,1839.11
86,29,1839.11
86,30,1839.11
86,31,1895.13
86,32,1895.13
86,33,2203.52
86,34,2203.52
86,35,2203.52
86,36,2203.52
86,37,2272.87
86,38,1892.30
86,39,1892.30
86,40,1249.96
86,41,1249.96
86,42,1249.96
86,43,1249.96
86,44,1249.96
86,45,1249.96
86,46,1249.96
86,47,1249.96
86,48,1249.96
86,49,1249.96
86,50,1249.96
86,51,1249.96
86,52,1249.96
86,53,1249.96
86,54,1249.96
86,55,1348.87
86,56,1348.87
86,57,1348.87
86,58,1348.87
86,59,1348.87
86,60,1348.87
86,61,1348.87
86,62,1309.29
86,63,1309.29
86,64,1309.29
86,65,1309.29
86,66,1309.29
86,67,1309.29
86,68,1309.29
86,69,1309.29
86,70,1309.29
86,71,1309.29
86,72,1309.29
86,73,1309.29
86,74,1309.29
86,75,1660.80
86,76,1752.64
86,77,1752.64
86,78,1393.61
86,79,1401.02
86,80,1401.02
86,81,1401.02
86,82,1265.55
86,83,898.83
86,84,1022.34
86,85,1022.34
87,0,1496.09
87,1,1496.09
87,2,1496.09
87,3,1496.09
87,4,1496.09
87,5,605.29
87,6,182.19
87,7,280.10
87,8,715.61
87,9,682.84
87,10,990.47
87,11,1261.57
87,12,1261.57
87,13,1261.57
87,14,1261.57
87,15,1261.57
87,16,1130.97
87,17,1130.97
87,18,1130.97
87,19,1130.97
87,20,1703.44
87,21,1703.44
87,22,1703.44
87,23,1703.44
87,24,1703.44
87,25,1703.44
87,26,1873.88
87,27,1839.11
87,28,1839.11
87,29,1839.11
87,30,1839.11
87,31,1895.13
87,32,1895.13
87,33,2203.52
87,34,2203.52
87,35,2203.52
87,36,2203.52
87,37,2272.87
87,38,1892.30
87,39,1892.30
87,40,918.08
87,41,918.08
87,42,918.08
87,43,918.08
87,44,918.08
87,45,918.08
87,46,918.08
87,47,918.08
87,48,918.08
87,49,918.08
87,50,918.08
87,51,918.08
87,52,918.08
87,53,918.08
87,54,918.08
87,55,1002.14
87,56,1002.14
87,57,1002.14
87,58,1002.14
87,59,1002.14
87,60,1002.14
87,61,1002.14
87,62,968.43
87,63,968.43
87,64,968.43
87,65,968.43
87,66,968.43
87,67,968.43
87,68,968.43
87,69,968.43
87,70,968.43
87,71,968.43
87,72,968.43
87,73,968.43
87,74,968.43
87,75,1267.61
87,76,1345.66
87,77,1345.66
87,78,1043.26
87,79,1049.56
87,80,1049.56
87,81,1049.56
87,82,935.45
87,83,935.45
87,84,1061.40
87,85,1061.40
87,86,611.51
88,0,1333.28
88,1,1333.28
88,2,1333.28
88,3,1333.28
88,4,1333.28
88,5,500.81
88,6,105.43
88,7,196.92
88,8,603.91
88,9,573.29
88,10,860.77
88,11,1114.12
88,12,1114.12
88,13,1114.12
88,14,1114.12
88,15,1114.12
88,16,992.07
88,17,992.07
88,18,992.07
88,19,992.07
88,20,1527.04
88,21,1527.04
88,22,1527.04
88,23,1527.04
88,24,1527.04
88,25,1527.04
88,26,1686.32
88,27,1653.83
88,28,1653.83
88,29,1653.83
88,30,1653.83
88,31,1706.18
88,32,1706.18
88,33,1994.38
88,34,1994.38
88,35,1994.38
88,36,1994.38
88,37,2059.19
88,38,1703.54
88,39,1703.54
88,40,793.12
88,41,793.12
88,42,793.12
88,43,793.12
88,44,793.12
88,45,793.12
88,46,793.12
88,47,793.12
88,48,793.12
88,49,793.12
88,50,793.12
88,51,793.12
88,52,793.12
88,53,793.12
88,54,793.12
88,55,871.68
88,56,871.68
88,57,871.68
88,58,871.68
88,59,871.68
88,60,871.68
88,61,871.68
88,62,840.18
88,63,840.18
88,64,840.18
88,65,840.18
88,66,840.18
88,67,840.18
88,68,840.18
88,69,840.18
88,70,840.18
88,71,840.18
88,72,840.18
88,73,840.18
88,74,840.18
88,75,1119.76
88,76,1192.69
88,77,1192.69
88,78,910.10
88,79,915.99
88,80,915.99
88,81,915.99
88,82,809.36
88,83,809.36
88,84,927.05
88,85,927.05
88,86,407.21
88,87,407.21
89,0,1333.28
89,1,1333.28
89,2,1333.28
89,3,1333.28
89,4,1333.28
89,5,500.81
89,6,105.43
89,7,196.92
89,8,603.91
89,9,573.29
89,10,860.77
89,11,1114.12
89,12,1114.12
89,13,1114.12
89,14,1114.12
89,15,1114.12
89,16,992.07
89,17,992.07
89,18,992.07
89,19,992.07
89,20,1527.04
89,21,1527.04
89,22,1527.04
89,23,1527.04
89,24,1527.04
89,25,1527.04
89,26,1686.32
89,27,1653.83
89,28,1653.83
89,29,1653.83
89,30,1653.83
89,31,1706.18
89,32,1706.18
89,33,1994.38
89,34,1994.38
89,35,1994.38
89,36,1994.38
89,37,2059.19
89,38,1703.54
89,39,1703.54
89,40,793.12
89,41,793.12
89,42,793.12
89,43,793.12
89,44,793.12
89,45,793.12
89,46,793.12
89,47,793.12
89,48,793.12
89,49,793.12
89,50,793.12
89,51,793.12
89,52,793.12
89,53,793.12
89,54,793.12
89,55,871.68
89,56,871.68
89,57,871.68
89,58,871.68
89,59,871.68
89,60,871.68
89,61,871.68
89,62,840.18
89,63,840.18
89,64,840.18
89,65,840.18
89,66,840.18
89,67,840.18
89,68,840.18
89,69,840.18
89,70,840.18
89,71,840.18
89,72,840.18
89,73,840.18
89,74,840.18
89,75,1119.76
89,76,1192.69
89,77,1192.69
89,78,1092.78
89,79,1092.78
89,80,1092.78
89,81,1092.78
89,82,975.39
89,83,975.39
89,84,1067.34
89,85,1067.34
89,86,504.87
89,87,504.87
89,88,305.31
90,0,1333.28
90,1,1333.28
90,2,1333.28
90,3,1333.28
90,4,1333.28
90,5,500.81
90,6,105.43
90,7,196.92
90,8,603.91
90,9,573.29
90,10,860.77
90,11,1114.12
90,12,1114.12
90,13,1114.12
90,14,1114.12
90,15,1114.12
90,16,992.07
90,17,992.07
90,18,992.07
90,19,992.07
90,20,1527.04
90,21,1527.04
90,22,1527.04
90,23,1527.04
90,24,1527.04
90,25,1527.04
90,26,1686.32
90,27,1653.83
90,28,1653.83
90,29,1653.83
90,30,1653.83
90,31,1706.18
90,32,1706.18
90,33,1994.38
90,34,1994.38
90,35,1994.38
90,36,1994.38
90,37,2059.19
90,38,1703.54
90,39,1703.54
90,40,793.12
90,41,793.12
90,42,793.12
90,43,793.12
90,44,793.12
90,45,793.12
90,46,793.12
90,47,793.12
90,48,793.12
90,49,793.12
90,50,793.12
90,51,793.12
90,52,793.12
90,53,793.12
90,54,793.12
90,55,871.68
90,56,871.68
90,57,871.68
90,58,871.68
90,59,871.68
90,60,871.68
90,61,871.68
90,62,840.18
90,63,840.18
90,64,840.18
90,65,840.18
90,66,840.18
90,67,840.18
90,68,840.18
90,69,840.18
90,70,840.18
90,71,840.18
90,72,840.18
90,73,840.18
90,74,840.18
90,75,1119.76
90,76,1192.69
90,77,1192.69
90,78,1092.78
90,79,1092.78
90,80,1092.78
90,81,1092.78
90,82,975.39
90,83,975.39
90,84,1067.34
90,85,1067.34
90,86,361.46
90,87,361.46
90,88,288.10
90,89,284.52
91,0,1333.28
91,1,1333.28
91,2,1333.28
91,3,1333.28
91,4,1333.28
91,5,327.29
91,6,-21.81
91,7,58.97
91,8,418.32
91,9,391.29
91,10,645.12
91,11,868.88
91,12,868.88
91,13,868.88
91,14,868.88
91,15,868.88
91,16,761.06
91,17,761.06
91,18,761.06
91,19,761.06
91,20,1233.41
91,21,1233.41
91,22,1233.41
91,23,1233.41
91,24,1233.41
91,25,1233.41
91,26,1374.05
91,27,1345.35
91,28,1345.35
91,29,1345.35
91,30,1345.35
91,31,1391.58
91,32,1391.58
91,33,1646.15
91,34,1646.15
91,35,1646.15
91,36,1646.15
91,37,1703.37
91,38,1389.35
91,39,1389.35
91,40,585.51
91,41,585.51
91,42,585.51
91,43,585.51
91,44,585.51
91,45,585.51
91,46,585.51
91,47,585.51
91,48,585.51
91,49,585.51
91,50,585.51
91,51,585.51
91,52,585.51
91,53,585.51
91,54,585.51
91,55,654.87
91,56,654.87
91,57,654.87
91,58,654.87
91,59,654.87
91,60,654.87
91,61,654.87
91,62,627.03
91,63,627.03
91,64,627.03
91,65,627.03
91,66,627.03
91,67,627.03
91,68,627.03
91,69,627.03
91,70,627.03
91,71,627.03
91,72,627.03
91,73,627.03
91,74,627.03
91,75,873.89
91,76,938.29
91,77,938.29
91,78,850.06
91,79,850.06
91,80,850.06
91,81,850.06
91,82,850.06
91,83,850.06
91,84,936.50
91,85,936.50
91,86,483.70
91,87,483.70
91,88,334.84
91,89,279.93
91,90,376.30
92,0,1333.28
92,1,1333.28
92,2,1333.28
92,3,1333.28
92,4,1333.28
92,5,315.63
92,6,-30.36
92,7,49.70
92,8,405.85
92,9,379.05
92,10,630.62
92,11,852.40
92,12,852.40
92,13,852.40
92,14,852.40
92,15,852.40
92,16,745.53
92,17,745.53
92,18,745.53
92,19,745.53
92,20,1213.67
92,21,1213.67
92,22,1213.67
92,23,1213.67
92,24,1213.67
92,25,1213.67
92,26,1353.05
92,27,1324.62
92,28,1324.62
92,29,1324.62
92,30,1324.62
92,31,1370.43
92,32,1370.43
92,33,1622.74
92,34,1622.74
92,35,1622.74
92,36,1622.74
92,37,1679.45
92,38,1368.23
92,39,1368.23
92,40,571.55
92,41,571.55
92,42,571.55
92,43,571.55
92,44,571.55
92,45,571.55
92,46,571.55
92,47,571.55
92,48,571.55
92,49,571.55
92,50,571.55
92,51,571.55
92,52,571.55
92,53,571.55
92,54,571.55
92,55,640.29
92,56,640.29
92,57,640.29
92,58,640.29
92,59,640.29
92,60,640.29
92,61,640.29
92,62,612.70
92,63,612.70
92,64,612.70
92,65,612.70
92,66,612.70
92,67,612.70
92,68,612.70
92,69,612.70
92,70,612.70
92,71,612.70
92,72,612.70
92,73,612.70
92,74,612.70
92,75,857.36
92,76,921.18
92,77,921.18
92,78,833.75
92,79,833.75
92,80,833.75
92,81,833.75
92,82,833.75
92,83,833.75
92,84,919.42
92,85,919.42
92,86,469.03
92,87,469.03
92,88,321.66
92,89,245.99
92,90,339.70
92,91,92.71
93,0,1333.28
93,1,1333.28
93,2,1333.28
93,3,1333.28
93,4,1333.28
93,5,315.63
93,6,-30.36
93,7,49.70
93,8,405.85
93,9,379.05
93,10,630.62
93,11,852.40
93,12,852.40
93,13,852.40
93,14,852.40
93,15,852.40
93,16,745.53
93,17,745.53
93,18,745.53
93,19,745.53
93,20,1213.67
93,21,1213.67
93,22,1213.67
93,23,1213.67
93,24,1213.67
93,25,1213.67
93,26,1353.05
93,27,1324.62
93,28,1324.62
93,29,1324.62
93,30,1324.62
93,31,1370.43
93,32,1370.43
93,33,1622.74
93,34,1622.74
93,35,1622.74
93,36,1622.74
93,37,1679.45
93,38,1368.23
93,39,1368.23
93,40,571.55
93,41,571.55
93,42,571.55
93,43,571.55
93,44,571.55
93,45,571.55
93,46,571.55
93,47,571.55
93,48,571.55
93,49,571.55
93,50,571.55
93,51,571.55
93,52,571.55
93,53,571.55
93,54,571.55
93,55,640.29
93,56,640.29
93,57,640.29
93,58,640.29
93,59,640.29
93,60,640.29
93,61,640.29
93,62,612.70
93,63,612.70
93,64,612.70
93,65,612.70
93,66,612.70
93,67,612.70
93,68,612.70
93,69,612.70
93,70,612.70
93,71,612.70
93,72,612.70
93,73,612.70
93,74,612.70
93,75,857.36
93,76,921.18
93,77,921.18
93,78,833.75
93,79,833.75
93,80,833.75
93,81,833.75
93,82,833.75
93,83,833.75
93,84,919.42
93,85,919.42
93,86,469.03
93,87,469.03
93,88,321.66
93,89,245.99
93,90,339.70
93,91,-75.21
93,92,146.87
94,0,1333.28
94,1,1333.28
94,2,1333.28
94,3,1333.28
94,4,1333.28
94,5,315.63
94,6,-30.36
94,7,49.70
94,8,405.85
94,9,379.05
94,10,630.62
94,11,852.40
94,12,852.40
94,13,852.40
94,14,852.40
94,15,852.40
94,16,745.53
94,17,745.53
94,18,745.53
94,19,745.53
94,20,1213.67
94,21,1213.67
94,22,1213.67
94,23,1213.67
94,24,1213.67
94,25,1213.67
94,26,1353.05
94,27,1324.62
94,28,1324.62
94,29,1324.62
94,30,1324.62
94,31,1370.43
94,32,1370.43
94,33,1622.74
94,34,1622.74
94,35,1622.74
94,36,1622.74
94,37,1679.45
94,38,1368.23
94,39,1368.23
94,40,571.55
94,41,571.55
94,42,571.55
94,43,571.55
94,44,571.55
94,45,571.55
94,46,571.55
94,47,571.55
94,48,571.55
94,49,571.55
94,50,571.55
94,51,571.55
94,52,571.55
94,53,571.55
94,54,571.55
94,55,640.29
94,56,640.29
94,57,640.29
94,58,640.29
94,59,640.29
94,60,640.29
94,61,640.29
94,62,612.70
94,63,612.70
94,64,612.70
94,65,612.70
94,66,612.70
94,67,612.70
94,68,612.70
94,69,612.70
94,70,612.70
94,71,612.70
94,72,612.70
94,73,612.70
94,74,612.70
94,75,857.36
94,76,921.18
94,77,921.18
94,78,833.75
94,79,833.75
94,80,833.75
94,81,833.75
94,82,833.75
94,83,833.75
94,84,919.42
94,85,919.42
94,86,469.03
94,87,469.03
94,88,368.74
94,89,290.01
94,90,387.85
94,91,-119.33
94,92,18.78
94,93,-70.44
95,0,1333.28
95,1,1333.28
95,2,1333.28
95,3,1333.28
95,4,1333.28
95,5,194.73
95,6,-119.02
95,7,-46.42
95,8,276.54
95,9,252.24
95,10,480.36
95,11,681.53
95,12,681.53
95,13,681.53
95,14,681.53
95,15,681.53
95,16,584.57
95,17,584.57
95,18,584.57
95,19,584.57
95,20,1009.08
95,21,1009.08
95,22,1009.08
95,23,1009.08
95,24,1009.08
95,25,1009.08
95,26,1135.47
95,27,1109.68
95,28,1109.68
95,29,1109.68
95,30,1109.68
95,31,1151.23
95,32,1151.23
95,33,1380.11
95,34,1380.11
95,35,1380.11
95,36,1380.11
95,37,1431.53
95,38,1149.32
95,39,1149.32
95,40,426.89
95,41,426.89
95,42,426.89
95,43,426.89
95,44,426.89
95,45,426.89
95,46,426.89
95,47,426.89
95,48,426.89
95,49,426.89
95,50,426.89
95,51,426.89
95,52,426.89
95,53,426.89
95,54,426.89
95,55,489.23
95,56,489.23
95,57,489.23
95,58,489.23
95,59,489.23
95,60,489.23
95,61,489.23
95,62,464.19
95,63,464.19
95,64,464.19
95,65,464.19
95,66,464.19
95,67,464.19
95,68,464.19
95,69,464.19
95,70,464.19
95,71,464.19
95,72,464.19
95,73,464.19
95,74,464.19
95,75,686.05
95,76,743.92
95,77,743.92
95,78,664.64
95,79,664.64
95,80,664.64
95,81,664.64
95,82,664.64
95,83,664.64
95,84,742.32
95,85,742.32
95,86,314.20
95,87,314.20
95,88,289.51
95,89,289.51
95,90,389.26
95,91,190.15
95,92,372.75
95,93,253.65
95,94,133.71
96,0,0.00
96,1,0.00
96,2,0.00
96,3,0.00
96,4,0.00
96,5,0.00
96,6,0.00
96,7,0.00
96,8,0.00
96,9,0.00
96,10,0.00
96,11,0.00
96,12,0.00
96,13,0.00
96,14,0.00
96,15,0.00
96,16,0.00
96,17,0.00
96,18,0.00
96,19,0.00
96,20,0.00
96,21,0.00
96,22,0.00
96,23,0.00
96,24,0.00
96,25,0.00
96,26,0.00
96,27,0.00
96,28,0.00
96,29,0.00
96,30,0.00
96,31,0.00
96,32,0.00
96,33,0.00
96,34,0.00
96,35,0.00
96,36,0.00
96,37,0.00
96,38,0.00
96,39,0.00
96,40,0.00
96,41,0.00
96,42,0.00
96,43,0.00
96,44,0.00
96,45,0.00
96,46,0.00
96,47,0.00
96,48,0.00
96,49,0.00
96,50,0.00
96,51,0.00
96,52,0.00
96,53,0.00
96,54,0.00
96,55,0.00
96,56,0.00
96,57,0.00
96,58,0.00
96,59,0.00
96,60,0.00
96,61,0.00
96,62,0.00
96,63,0.00
96,64,0.00
96,65,0.00
96,66,0.00
96,67,0.00
96,68,0.00
96,69,0.00
96,70,0.00
96,71,0.00
96,72,0.00
96,73,0.00
96,74,0.00
96,75,0.00
96,76,0.00
96,77,0.00
96,78,0.00
96,79,0.00
96,80,0.00
96,81,0.00
96,82,0.00
96,83,0.00
96,84,0.00
96,85,0.00
96,86,0.00
96,87,0.00
96,88,0.00
96,89,0.00
96,90,0.00
96,91,0.00
96,92,0.00
96,93,0.00
96,94,0.00
96,95,0.00
97,0,0.00
97,1,0.00
97,2,0.00
97,3,0.00
97,4,0.00
97,5,0.00
97,6,0.00
97,7,0.00
97,8,0.00
97,9,0.00
97,10,0.00
97,11,0.00
97,12,0.00
97,13,0.00
97,14,0.00
97,15,0.00
97,16,0.00
97,17,0.00
97,18,0.00
97,19,0.00
97,20,0.00
97,21,0.00
97,22,0.00
97,23,0.00
97,24,0.00
97,25,0.00
97,26,0.00
97,27,0.00
97,28,0.00
97,29,0.00
97,30,0.00
97,31,0.00
97,32,0.00
97,33,0.00
97,34,0.00
97,35,0.00
97,36,0.00
97,37,0.00
97,38,0.00
97,39,0.00
97,40,0.00
97,41,0.00
97,42,0.00
97,43,0.00
97,44,0.00
97,45,0.00
97,46,0.00
97,47,0.00
97,48,0.00
97,49,0.00
97,50,0.00
97,51,0.00
97,52,0.00
97,53,0.00
97,54,0.00
97,55,0.00
97,56,0.00
97,57,0.00
97,58,0.00
97,59,0.00
97,60,0.00
97,61,0.00
97,62,0.00
97,63,0.00
97,64,0.00
97,65,0.00
97,66,0.00
97,67,0.00
97,68,0.00
97,69,0.00
97,70,0.00
97,71,0.00
97,72,0.00
97,73,0.00
97,74,0.00
97,75,0.00
97,76,0.00
97,77,0.00
97,78,0.00
97,79,0.00
97,80,0.00
97,81,0.00
97,82,0.00
97,83,0.00
97,84,0.00
97,85,0.00
97,86,0.00
97,87,0.00
97,88,0.00
97,89,0.00
97,90,0.00
97,91,0.00
97,92,0.00
97,93,0.00
97,94,0.00
97,95,0.00
97,96,0.00
98,0,0.00
98,1,0.00
98,2,0.00
98,3,0.00
98,4,0.00
98,5,0.00
98,6,0.00
98,7,0.00
98,8,0.00
98,9,0.00
98,10,0.00
98,11,0.00
98,12,0.00
98,13,0.00
98,14,0.00
98,15,0.00
98,16,0.00
98,17,0.00
98,18,0.00
98,19,0.00
98,20,0.00
98,21,0.00
98,22,0.00
98,23,0.00
98,24,0.00
98,25,0.00
98,26,0.00
98,27,0.00
98,28,0.00
98,29,0.00
98,30,0.00
98,31,0.00
98,32,0.00
98,33,0.00
98,34,0.00
98,35,0.00
98,36,0.00
98,37,0.00
98,38,0.00
98,39,0.00
98,40,0.00
98,41,0.00
98,42,0.00
98,43,0.00
98,44,0.00
98,45,0.00
98,46,0.00
98,47,0.00
98,48,0.00
98,49,0.00
98,50,0.00
98,51,0.00
98,52,0.00
98,53,0.00
98,54,0.00
98,55,0.00
98,56,0.00
98,57,0.00
98,58,0.00
98,59,0.00
98,60,0.00
98,61,0.00
98,62,0.00
98,63,0.00
98,64,0.00
98,65,0.00
98,66,0.00
98,67,0.00
98,68,0.00
98,69,0.00
98,70,0.00
98,71,0.00
98,72,0.00
98,73,0.00
98,74,0.00
98,75,0.00
98,76,0.00
98,77,0.00
98,78,0.00
98,79,0.00
98,80,0.00
98,81,0.00
98,82,0.00
98,83,0.00
98,84,0.00
98,85,0.00
98,86,0.00
98,87,0.00
98,88,0.00
98,89,0.00
98,90,0.00
98,91,0.00
98,92,0.00
98,93,0.00
98,94,0.00
98,95,0.00
98,96,0.00
98,97,0.00
99,0,0.00
99,1,0.00
99,2,0.00
99,3,0.00
99,4,0.00
99,5,0.00
99,6,0.00
99,7,0.00
99,8,0.00
99,9,0.00
99,10,0.00
99,11,0.00
99,12,0.00
99,13,0.00
99,14,0.00
99,15,0.00
99,16,0.00
99,17,0.00
99,18,0.00
99,19,0.00
99,20,0.00
99,21,0.00
99,22,0.00
99,23,0.00
99,24,0.00
99,25,0.00
99,26,0.00
99,27,0.00
99,28,0.00
99,29,0.00
99,30,0.00
99,31,0.00
99,32,0.00
99,33,0.00
99,34,0.00
99,35,0.00
99,36,0.00
99,37,0.00
99,38,0.00
99,39,0.00
99,40,0.00
99,41,0.00
99,42,0.00
99,43,0.00
99,44,0.00
99,45,0.00
99,46,0.00
99,47,0.00
99,48,0.00
99,49,0.00
99,50,0.00
99,51,0.00
99,52,0.00
99,53,0.00
99,54,0.00
99,55,0.00
99,56,0.00
99,57,0.00
99,58,0.00
99,59,0.00
99,60,0.00
99,61,0.00
99,62,0.00
99,63,0.00
99,64,0.00
99,65,0.00
99,66,0.00
99,67,0.00
99,68,0.00
99,69,0.00
99,70,0.00
99,71,0.00
99,72,0.00
99,73,0.00
99,74,0.00
99,75,0.00
99,76,0.00
99,77,0.00
99,78,0.00
99,79,0.00
99,80,0.00
99,81,0.00
99,82,0.00
99,83,0.00
99,84,0.00
99,85,0.00
99,86,0.00
99,87,0.00
99,88,0.00
99,89,0.00
99,90,0.00
99,91,0.00
99,92,0.00
99,93,0.00
99,94,0.00
99,95,0.00
99,96,0.00
99,97,0.00
99,98,0.00
